difficulty,question,choice_a,choice_b,choice_c,choice_d,correct_choice,explanation,concept_key,aspect_key,source_path
easy,What is a LAN?,A network spanning multiple cities,A network within a building or nearby area,A network connecting only to the internet,A wireless-only network,B,A LAN is defined by locality — it covers a building or nearby area regardless of host count.,lan concept,local area network within a building or nearby area,/home/citadel/Documents/NETC-121/Notes List C - Personal Notes/Lecture Week 1/Week 1 Notes.md
easy,What is the role of a server in a network?,Consumes shared resources provided by other devices,Stores only local data with no sharing,Provides shared files/services/resources to other devices,Manages wireless signal strength,C,A server's primary role is to provide shared files and services to network clients.,server role,provides shared files/services/resources to other devices,/home/citadel/Documents/NETC-121/Notes List B - Textbook Content/Textbook 1 - Chapter 1 Network Basics/Book 1 Chapter 1 - Network Basics.md
easy,Which device is the core switching component in a wired LAN?,Router,Firewall,WAP,Switch,D,A switch connects multiple wired devices in a LAN and forwards frames using MAC addresses.,core network components,nic; twisted-pair cable; switch; wap; router; and firewall,/home/citadel/Documents/NETC-121/Notes List C - Personal Notes/Lecture Week 1/Week 1 Notes.md
easy,What does RFI stand for?,Remote File Interface,Radio-Frequency Interference,Routing Framework Interface,Repeater Fiber Interface,B,RFI is radio-frequency interference — electromagnetic noise that degrades network signal quality.,rfi,radio-frequency noise impacting transmissions,/home/citadel/Documents/NETC-121/Notes List C - Personal Notes/Lecture Week 1/Week 1 Notes.md
easy,In a peer-to-peer network what roles can each device take?,Only a client,Only a server,Both client and server simultaneously,Neither client nor server,C,In a P2P model each endpoint can act as both a client and a server without a dedicated machine.,peer-to-peer model,endpoints can act as both client and server in smaller networks,/home/citadel/Documents/NETC-121/Notes List B - Textbook Content/Textbook 1 - Chapter 1 Network Basics/Book 1 Chapter 1 - Network Basics.md
easy,Which network classification spans the largest geographic area?,LAN,MAN,WAN,PAN,C,A WAN (Wide Area Network) spans large geographic distances connecting multiple LANs.,network-size taxonomy,lan (local); man (metro/city); wan (large geographic span),/home/citadel/Documents/NETC-121/Notes List C - Personal Notes/Lecture Week 1/Week 1 Notes.md
medium,Which topology uses a single shared backbone cable that all devices connect to?,Star,Ring,Bus,Mesh,C,Bus topology uses one shared backbone cable — all devices share the same medium.,bus topology,one shared backbone cable; all devices share the same medium,/home/citadel/Documents/NETC-121/Notes List C - Personal Notes/Lecture Week 1/Week 1 Notes.md
medium,What type of interference comes from electromagnetic sources such as motors and power lines?,RFI,EMI,FCS,CRC,B,EMI (Electromagnetic Interference) is noise from electromagnetic sources that degrades signal quality.,emi,electromagnetic noise affecting signal quality,/home/citadel/Documents/NETC-121/Notes List C - Personal Notes/Lecture Week 1/Week 1 Notes.md
medium,Which small-office device typically combines a router firewall WAP and switch in one unit?,NIC,Modem,Wireless router,Hub,C,A wireless router is a common composite device combining router firewall WAP and switch functionality.,wireless router composition,router; firewall; wap; and switch ports,/home/citadel/Documents/NETC-121/Notes List C - Personal Notes/Lecture Week 1/Week 1 Notes.md
medium,Which topology gives every node a direct connection to every other node?,Star,Hub-and-spoke,Partial mesh,Full mesh,D,Full mesh topology provides a direct interconnection between every pair of nodes in the network.,full mesh,every node can interconnect; can use internet-based links,/home/citadel/Documents/NETC-121/Notes List C - Personal Notes/Lecture Week 1/Week 1 Notes.md
medium,What is the security baseline requirement for all endpoint devices?,Assign static IPs to every device,Never expose endpoints directly to the internet without firewall protection,Use only hub-and-spoke topology,Disable wireless access points,B,Devices must always sit behind a firewall — direct exposure to the internet is a critical security risk.,security baseline,never expose endpoints directly to the internet without firewall protection,/home/citadel/Documents/NETC-121/Notes List B - Textbook Content/Textbook 1 - Chapter 1 Network Basics/Book 1 Chapter 1 - Network Basics.md
medium,What does a network administrator manage?,Only physical cabling and hardware,Capacity; backups; access; maintenance; and incident response/escalation,Only wireless devices and access points,Firewall policy configuration only,B,A network admin handles the full operational scope: capacity backups access control maintenance and incident escalation.,network administrator role,manages capacity; backups; access; maintenance; and incident response/escalation,/home/citadel/Documents/NETC-121/Notes List C - Personal Notes/Lecture Week 1/Week 1 Notes.md
medium,What is the key structural difference between hub-and-spoke and full mesh topology?,Hub-and-spoke uses wireless links; full mesh uses only wired,Hub-and-spoke centralizes traffic through one node; full mesh provides direct paths between all nodes,Hub-and-spoke is used exclusively for WANs,Full mesh always requires dedicated circuits; hub-and-spoke uses the internet,B,Hub-and-spoke is a centralized partial mesh — all traffic passes through a central point. Full mesh connects every node directly.,hub-and-spoke,centralized style of partial mesh,/home/citadel/Documents/NETC-121/Notes List C - Personal Notes/Lecture Week 1/Week 1 Notes.md
medium,What distinguishes a WAN link from a LAN connection?,WAN uses switches; LAN uses routers,WAN connects multiple LANs across large geographic distances using carrier circuits,WAN always requires fiber optic cabling,WAN devices cannot use IP addresses,B,A WAN link connects LANs — anything beyond the local network boundary is treated as WAN.,wan link,connects lans; anything outside the local network is treated as wan,/home/citadel/Documents/NETC-121/Notes List C - Personal Notes/Lecture Week 1/Week 1 Notes.md
medium,In dedicated WAN connectivity what provides the physical links between sites?,Internet VPN tunnels,Satellite links only,Provider/carrier circuits,Consumer broadband modems,C,Dedicated WAN connectivity uses provider or carrier circuits to create committed short-distance links between sites.,dedicated wan connectivity,provider/carrier circuits are used for short-distance dedicated links,/home/citadel/Documents/NETC-121/Notes List B - Textbook Content/Textbook 1 - Chapter 1 Network Basics/Book 1 Chapter 1 - Network Basics.md
medium,Why does the dedicated-server model outperform peer-to-peer in large enterprise networks?,Servers use faster CPUs than endpoints,The server is optimized for network services as its primary task providing reliability and scale,Servers do not require IP addresses,Peer-to-peer networks have a hard limit of 5 devices,B,A dedicated server focuses exclusively on service delivery making it far more reliable and scalable than P2P.,dedicated-server model,server is optimized for network services as its primary task,/home/citadel/Documents/NETC-121/Notes List B - Textbook Content/Textbook 1 - Chapter 1 Network Basics/Book 1 Chapter 1 - Network Basics.md
hard,What is the primary purpose of a client-to-site VPN?,Connecting two office buildings together,Giving a remote client access into internal network resources,Replacing the need for a perimeter firewall,Routing traffic between VLANs on a switch,B,A client-to-site VPN provides a secure tunnel for remote users to access internal resources over the internet.,client-to-site vpn,remote client access into internal network resources,/home/citadel/Documents/NETC-121/Notes List C - Personal Notes/Lecture Week 1/Week 1 Notes.md
medium,What causes fiber degradation in optical networking?,EMI from nearby power lines,Optical medium quality declining with distance or physical damage to the cable,RFI from wireless access points,Electrical crosstalk between parallel conductors,B,Fiber degradation occurs when the optical medium quality declines due to distance bends or physical damage.,fiber degradation,optical medium quality can decline with distance/conditions,/home/citadel/Documents/NETC-121/Notes List C - Personal Notes/Lecture Week 1/Week 1 Notes.md
easy,In which topology do all devices connect to a single central device such as a switch?,Bus,Star,Ring,Mesh,B,Star topology has all devices connect to one central node — typically a switch — rather than to each other directly.,star topology,endpoints connect to a central device,/home/citadel/Documents/NETC-121/Notes List C - Personal Notes/Lecture Week 1/Week 1 Notes.md
easy,In which topology do devices connect in a closed loop with data passing from device to device around the ring?,Star,Bus,Mesh,Ring,D,Ring topology forms a closed loop — each device connects to exactly two neighbors and data travels around the ring.,ring topology,devices form a closed loop,/home/citadel/Documents/NETC-121/Notes List C - Personal Notes/Lecture Week 1/Week 1 Notes.md
easy,What term describes any addressable device that participates in a network?,Switch port,IP packet,Network node,Broadcast domain,C,A network node is any addressable or participating device in the network — from a PC to a printer to a router.,network node,any addressable/participating device in the network,/home/citadel/Documents/NETC-121/Notes List C - Personal Notes/Lecture Week 1/Week 1 Notes.md
easy,What is the primary role of a client device in a network?,Provide shared files and services to other devices,Route packets between different network segments,Consume shared resources provided by servers,Manage firewall and access control policies,C,A client consumes resources such as files; applications; and printers that servers provide on the network.,client role,consumes shared resources provided by servers,/home/citadel/Documents/NETC-121/Notes List B - Textbook Content/Textbook 1 - Chapter 1 Network Basics/Book 1 Chapter 1 - Network Basics.md
easy,What does it mean for a network device to be described as online?,The device is powered off and disconnected from the network,The device is reachable and active on the network,The device has a public IP address only,The device is in a scheduled maintenance window,B,Online means the device is reachable and operational on the network; offline means it is unavailable.,online/offline state,online means reachable on network; offline means unavailable due to power; link; or config state,/home/citadel/Documents/NETC-121/Notes List C - Personal Notes/Lecture Week 1/Week 1 Notes.md
easy,What defines a local resource in networking?,A file hosted on a cloud storage service,A resource accessible only via VPN tunnel,A resource stored and accessed directly on your own device,Any shared resource reachable from the LAN,C,A local resource resides on your own device; a remote resource lives on another networked system.,local vs remote resource,local is on your device; remote resides on another networked system,/home/citadel/Documents/NETC-121/Notes List C - Personal Notes/Lecture Week 1/Week 1 Notes.md
easy,What is the minimum requirement to form a network?,At least one switch and two routers,A server providing services to at least five clients,Two or more devices connected to exchange information,A firewall and a dedicated WAN link,C,A network is simply two or more devices connected (wired or wireless) to exchange information.,network core definition,two or more devices connected (wired or wireless) to exchange information,/home/citadel/Documents/NETC-121/Notes List B - Textbook Content/Textbook 1 - Chapter 1 Network Basics/Book 1 Chapter 1 - Network Basics.md
easy,What is a WAN link?,A cable connecting two devices in the same room,A connection that links LANs across large geographic distances,A wireless connection inside a single building,The cable between a switch port and a NIC,B,A WAN link connects LANs — anything outside the local network boundary is treated as WAN.,wan link,connects lans; anything outside the local network is treated as wan,/home/citadel/Documents/NETC-121/Notes List C - Personal Notes/Lecture Week 1/Week 1 Notes.md
easy,What does the shared internet model allow multiple internal devices to do?,Each device requires its own dedicated WAN circuit,Multiple internal devices share one router uplink to access the internet,Devices exchange internet routing tables with each other directly,All devices receive separate public IPs from the ISP,B,In a shared internet model one router uplink provides internet access to all devices on the internal LAN.,shared internet model,one router uplink can provide internet access to multiple internal devices,/home/citadel/Documents/NETC-121/Notes List B - Textbook Content/Textbook 1 - Chapter 1 Network Basics/Book 1 Chapter 1 - Network Basics.md
medium,Which topology style routes all traffic through a single central node to reach any other node?,Full mesh,Ring,Hub-and-spoke,Partial mesh,C,Hub-and-spoke centralizes all connections — branches link only to the hub with no direct spoke-to-spoke paths.,hub-and-spoke,centralized style of partial mesh,/home/citadel/Documents/NETC-121/Notes List C - Personal Notes/Lecture Week 1/Week 1 Notes.md
medium,What distinguishes a partial mesh from a full mesh topology?,Partial mesh connects only two nodes; full mesh connects three or more,In partial mesh only some nodes have redundant paths while full mesh interconnects every node,Partial mesh uses only wireless links,Partial mesh requires a central hub for all traffic,B,Partial mesh gives selected nodes redundant paths for resilience but not every pair of nodes has a direct link.,partial mesh,some nodes have redundant paths; not all,/home/citadel/Documents/NETC-121/Notes List C - Personal Notes/Lecture Week 1/Week 1 Notes.md
medium,What characterizes a mesh topology in general?,All devices share a single backbone cable,All devices form a closed loop,Multiple interconnections exist between nodes providing redundant paths,All devices connect to one central switch,C,Mesh topology creates multiple interconnections between nodes so data can travel via alternative paths if one link fails.,mesh topology,multiple interconnections between nodes,/home/citadel/Documents/NETC-121/Notes List C - Personal Notes/Lecture Week 1/Week 1 Notes.md
medium,What type of WAN link uses a provider or carrier circuit for a committed short-distance connection between sites?,Internet VPN tunnel,Satellite broadband link,Provider/carrier dedicated circuit,Consumer DSL modem,C,Dedicated WAN links use carrier circuits that provide committed bandwidth — unlike shared internet connections.,dedicated wan connectivity,provider/carrier circuits are used for short-distance dedicated links,/home/citadel/Documents/NETC-121/Notes List B - Textbook Content/Textbook 1 - Chapter 1 Network Basics/Book 1 Chapter 1 - Network Basics.md
medium,What does a client-to-site VPN provide to a remote worker?,A fiber uplink directly to the office building,Encrypted access to internal network resources from a remote location over the internet,A public IP address routed directly to the remote laptop,Automatic DNS resolution for all internal hostnames,B,A client-to-site VPN creates an encrypted tunnel so remote users can securely reach internal resources.,client-to-site vpn,remote client access into internal network resources,/home/citadel/Documents/NETC-121/Notes List C - Personal Notes/Lecture Week 1/Week 1 Notes.md
medium,What general term describes any signal disturbance that degrades communication quality on a network?,Encapsulation,Fragmentation,Interference/noise,Multiplexing,C,Interference or noise is any signal disturbance — electrical; radio; or environmental — that degrades network communication quality.,interference/noise,signal disturbance that degrades communication,/home/citadel/Documents/NETC-121/Notes List C - Personal Notes/Lecture Week 1/Week 1 Notes.md
medium,What causes optical signal degradation in a fiber cable?,High voltage from adjacent copper cabling,Radio frequency emissions from nearby wireless access points,Optical medium quality declining due to physical bends; damage; or excessive distance,Switching loops in the connected Layer 2 network,C,Fiber degradation occurs when the optical signal weakens due to bends; excessive distance; or physical damage to the cable.,fiber degradation,optical medium quality can decline with distance/conditions,/home/citadel/Documents/NETC-121/Notes List C - Personal Notes/Lecture Week 1/Week 1 Notes.md
medium,In network operations what does it mean when a device or link is described as down?,The device is physically rack-mounted but not yet configured,The device is connected and actively forwarding traffic,The link or device is non-operational due to failure; maintenance; or power loss,The device has an expired DHCP lease,C,Down means off; failed; or under maintenance — the device or link is not passing traffic.,up/down state,up means operational; down means off; failed; or under maintenance,/home/citadel/Documents/NETC-121/Notes List C - Personal Notes/Lecture Week 1/Week 1 Notes.md
medium,What is the primary value that networking provides to an organization?,Eliminating the need for IP addressing schemes,Sharing internet access; files; resources; programs; and user communication channels,Reducing the physical count of servers in a data center,Preventing all unauthorized access to company systems,B,The core value of a network is enabling sharing — internet; files; printers; storage; applications; and communication.,network value model,sharing internet access; files; resources; programs; and user communication channels,/home/citadel/Documents/NETC-121/Notes List B - Textbook Content/Textbook 1 - Chapter 1 Network Basics/Book 1 Chapter 1 - Network Basics.md
medium,What does the shared resource model enable in a networked environment?,Each user has a private printer and personal storage with no sharing,Printers and storage are centralized and accessible by multiple users simultaneously,Resources are distributed to every device to eliminate a single point of failure,Only servers can access shared resources on behalf of clients,C,In the shared resource model centralized devices like printers and file servers serve many users at once.,shared resource model,printers and storage can be centralized and accessed by multiple users,/home/citadel/Documents/NETC-121/Notes List B - Textbook Content/Textbook 1 - Chapter 1 Network Basics/Book 1 Chapter 1 - Network Basics.md
medium,How does joining a shared network environment affect a user's endpoint independence?,Users gain complete control over all shared resources and can set their own policies,Users lose full endpoint independence as network policies; sharing; and admin controls govern behavior,Endpoints become completely isolated from one another by default,Users can bypass all security controls through the shared network,B,In shared environments network policies; centralized administration; and shared access all constrain what individual users can do independently.,network operations impact,users lose full endpoint independence in shared environments,/home/citadel/Documents/NETC-121/Notes List C - Personal Notes/Lecture Week 1/Week 1 Notes.md
easy,What does EMI stand for in the context of network cabling?,External Media Interface,Enhanced Modulation Index,Electromagnetic Interference,Ethernet Multiplexing Interface,C,EMI stands for Electromagnetic Interference — noise from motors; power lines; and other electrical sources that degrades signal quality on copper cabling. RFI is the related but separate term for radio-frequency noise specifically.,emi,electromagnetic noise affecting signal quality,/home/citadel/Documents/citavault/NETC-121/MASTER LIST/Master List.md
easy,What is the primary function of a firewall in a network?,Assign IP addresses to hosts automatically,Connect wireless devices to the wired LAN,Forward frames between devices using their MAC addresses,Filter network traffic based on policy rules allowing or blocking connections,D,A firewall enforces access policy — it allows or blocks traffic by IP address; port; protocol; and connection state. DHCP assigns IPs; a WAP connects wireless devices; and a switch forwards frames by MAC.,security baseline,never expose endpoints directly to the internet without firewall protection,/home/citadel/Documents/citavault/NETC-121/MASTER LIST/Master List.md
easy,What does a WAP provide that a standard wired switch cannot?,Routing between different IP subnets,Wireless connectivity for devices that lack an Ethernet port,Firewall filtering for inbound internet traffic,DHCP address assignment for all connected clients,B,A WAP (Wireless Access Point) provides the radio interface that lets wireless clients join the network. A wired switch only serves devices connected via Ethernet cable.,core network components,nic; twisted-pair cable; switch; wap; router; and firewall,/home/citadel/Documents/citavault/NETC-121/MASTER LIST/Master List.md
easy,Which component physically interfaces a computing device to its network medium?,Router,Default gateway,Firewall,NIC (Network Interface Card),D,The NIC is the hardware that physically connects a device to the network medium — wired or wireless. Without a NIC the device cannot send or receive network frames at all.,core network components,nic; twisted-pair cable; switch; wap; router; and firewall,/home/citadel/Documents/citavault/NETC-121/MASTER LIST/Master List.md
easy,What does it indicate when a network interface is reported as up?,The interface has been assigned a public IP address,The interface is operational and capable of passing traffic,The interface is receiving a firmware update,The interface is configured for half-duplex mode only,B,An up state means the interface is active and operational. Down means it is off; failed; or administratively shut down — not that it is configured or has a particular IP type.,up/down state,up means operational; down means off; failed; or under maintenance,/home/citadel/Documents/citavault/NETC-121/MASTER LIST/Master List.md
easy,What does MAN stand for in the network-size classification system?,Managed Access Node,Multi-Area Network,Metropolitan Area Network,Mobile Access Node,C,MAN stands for Metropolitan Area Network — it spans a city or metro area; larger than a single-building LAN but smaller than a cross-country WAN.,network-size taxonomy,lan (local); man (metro/city); wan (large geographic span),/home/citadel/Documents/citavault/NETC-121/MASTER LIST/Master List.md
easy,In a hub-and-spoke WAN design what is the operational role of the hub site?,It is one equal branch office among many in the design,It acts as the central node through which all spoke-to-spoke traffic must pass,It distributes wireless signals to all remote spoke sites,It serves as the backup site that activates only on failure,B,The hub is the central routing point — all branch traffic including communication between two branches must route through the hub. Spokes do not connect directly to each other.,hub-and-spoke,centralized style of partial mesh,/home/citadel/Documents/citavault/NETC-121/MASTER LIST/Master List.md
easy,What distinguishes a remote resource from a local resource in networking?,Remote resources are always encrypted while local ones are not,A remote resource resides on another networked system while a local resource is stored on your own device,Remote resources require a dedicated WAN link to access,Local resources are only accessible when the device is offline,B,A local resource is on your own device — its hard drive or memory. A remote resource lives on another system and is accessed over the network. The distinction is about where the data physically resides.,local vs remote resource,local is on your device; remote resides on another networked system,/home/citadel/Documents/citavault/NETC-121/MASTER LIST/Master List.md
easy,Which four functions does a wireless router combine into a single composite device?,Router; DHCP server; DNS server; and firewall,Router; firewall; WAP; and switch,Router; switch; DNS server; and WAP,Firewall; hub; WAP; and DHCP server,B,A wireless router integrates a router (inter-network forwarding); firewall (traffic filtering); WAP (wireless access); and switch (wired LAN ports). Confusing it with a standalone router misses the other three roles.,wireless router composition,common small-network device combining router; firewall; wap; and switch ports,/home/citadel/Documents/citavault/NETC-121/MASTER LIST/Master List.md
easy,What does the network value model identify as the core reason organizations build networks?,Eliminating the need for IP addressing across the enterprise,Reducing the physical count of servers in the data center,Enabling sharing of internet access; files; resources; programs; and communication,Providing guaranteed quality of service to all endpoints,C,The network value model describes why networks exist: shared internet access; shared files and storage; shared printers and resources; shared programs; and shared communication channels all multiply the utility of the infrastructure.,network value model,sharing internet access; files; resources; programs; and user communication channels,/home/citadel/Documents/citavault/NETC-121/MASTER LIST/Master List.md
easy,What does the dedicated-server model mean?,Each user owns a personal server for private file storage,A server whose primary task is providing network services to other devices,Any workstation that temporarily shares a folder to the network,A server that handles only one type of traffic such as DNS,B,A dedicated server's sole focus is serving the network — it does not run user workloads. This contrasts with peer-to-peer where a workstation doubles as a server alongside user tasks.,dedicated-server model,server is optimized for network services as its primary task,/home/citadel/Documents/citavault/NETC-121/MASTER LIST/Master List.md
easy,What is the security baseline rule regarding endpoints and direct internet exposure?,Endpoints can be exposed to the internet if they run antivirus software,Endpoints are safe on the internet as long as they have a private IP address,Endpoints must never be directly exposed to the internet without firewall protection,Endpoints only need protection when they store sensitive data,C,The security baseline requires a firewall between every endpoint and the internet. Direct exposure lets any internet source attempt connections — antivirus and private IPs are not substitutes for a firewall.,security baseline,never expose endpoints directly to the internet without firewall protection,/home/citadel/Documents/citavault/NETC-121/MASTER LIST/Master List.md
hard,Which IEEE standard defines Ethernet?,802.1Q,802.3,802.11,802.1D,B,Cisco identifies Ethernet as the IEEE 802.3 family of standards.,ethernet standard,ieee standard for ethernet,https://www.cisco.com/c/en/us/tech/lan-switching/ethernet/index.html
hard,Which media access method is historically associated with Ethernet on Cisco documentation?,Token passing,CSMA/CD,Polling,CDMA,B,Cisco notes Ethernet is associated with CSMA CD in its historical operation.,ethernet access method,csma cd association,https://www.cisco.com/c/en/us/tech/lan-switching/ethernet/index.html
hard,Which cable type has the same wire sequence on both ends?,Rollover cable,Crossover cable,Straight-through cable,Console cable,C,A straight-through cable uses the same pinout order on both ends.,cable type,same sequence on both ends,https://www.cisco.com/c/en/us/support/docs/lan-switching/ethernet/10561-3.html
hard,Which cable type swaps transmit and receive pairs between ends?,Straight-through cable,Crossover cable,Rollover cable,Fiber patch cable,B,A crossover cable swaps the relevant wire pairs between the two ends.,cable type,swapped pairs between ends,https://www.cisco.com/c/en/us/support/docs/lan-switching/ethernet/10561-3.html
hard,Which cable type connects pin 1 to pin 8 and pin 2 to pin 7?,Straight-through cable,Crossover cable,Rollover cable,Patch panel uplink,C,A rollover cable reverses the pin order from one end to the other.,cable type,rollover pin reversal,https://www.cisco.com/en/US/docs/cable/modems/ubr905/installation/guide/hig905ca.html
hard,What cable category does Cisco call for in its standard Ethernet straight-through and crossover examples?,Category 3 shielded cable,Category 5 UTP with RJ-45 connectors,Category 1 voice cable,Single-mode fiber jumper only,B,Cisco shows Category 5 UTP with RJ 45 connectors in these Ethernet cable examples.,cable spec,cat5 utp example cable,https://www.cisco.com/en/US/docs/cable/modems/ubr905/installation/guide/hig905ca.html
hard,How should the plugs be held when visually checking whether a Cisco rollover cable is reversed end to end?,Face to face with tabs inward,Side by side with the tabs at the back,Back to back with tabs up,Any orientation works the same,B,Cisco says to compare the plugs side by side with the tabs at the back when identifying a rollover cable.,rollover identification,plug orientation check,https://www.cisco.com/en/US/docs/cable/modems/ubr905/installation/guide/hig905ca.html
hard,What do the letters SFP stand for in Cisco interface documentation?,Serial Fiber Port,Small Form-Factor Pluggable,Switched Fabric Plug,Signal Forwarding Protocol,B,SFP stands for Small Form-Factor Pluggable.,sfp name,small form-factor pluggable meaning,https://www.cisco.com/c/en/us/products/collateral/interfaces-modules/fast-ethernet-sfp-modules/datasheet-c78-486906.html
hard,How does Cisco describe an SFP module?,A fixed motherboard chip,A hot-swappable input output device,A software license key,A wireless antenna,B,Cisco describes an SFP as a hot swappable I O device that plugs into a port or slot.,sfp property,hot swappable io device,https://www.cisco.com/c/en/us/products/collateral/interfaces-modules/fast-ethernet-sfp-modules/datasheet-c78-486906.html
hard,Which Cisco listed SFP module supports copper over Cat5 up to 100 meters?,MGBSX1,MGBLX1,MGBLH1,MGBT1,D,Cisco lists the MGBT1 as the copper Cat5 option up to 100 meters.,sfp copper module,copper cat5 module type,https://www.cisco.com/c/en/us/products/collateral/interfaces-modules/fast-ethernet-sfp-modules/datasheet-c78-486906.html
easy,What type of network medium is twisted-pair cable?,Copper cabling,Fiber optic cabling,Wireless radio only,Satellite link,A,Twisted-pair Ethernet cabling is a copper medium used for many LAN connections.,physical media,twisted pair is copper,/home/citadel/Documents/citavault/NETC-121/Notes List B - Textbook Content/Textbook 1 - Chapter 1 Network Basics/Book 1 Chapter 1 - Network Basics.md
easy,What does the internet represent in networking terms?,A single server in each building,A global network of networks,A special type of LAN switch,A private office-only backbone,B,The chapter defines the internet as the global network of networks.,internet definition,global network of networks,/home/citadel/Documents/citavault/NETC-121/Notes List B - Textbook Content/Textbook 1 - Chapter 1 Network Basics/Book 1 Chapter 1 - Network Basics.md
medium,When a small office grows beyond the built-in wired ports on its wireless router what is the usual next step?,Replace every PC NIC,Add a dedicated switch,Disable Wi-Fi,Convert the LAN to a WAN,B,The chapter notes that growing networks often add a dedicated switch when router port count is not enough.,growing network,add dedicated switch for more ports,/home/citadel/Documents/citavault/NETC-121/Notes List B - Textbook Content/Textbook 1 - Chapter 1 Network Basics/Book 1 Chapter 1 - Network Basics.md
medium,Which statement best describes the hybrid network model?,Only dedicated servers are allowed,Every device must be peer-to-peer only,It combines dedicated servers with some peer sharing,It replaces all clients with routers,C,A hybrid model mixes dedicated servers with some peer-to-peer resource sharing.,hybrid model,dedicated server plus peer sharing,/home/citadel/Documents/citavault/NETC-121/Notes List B - Textbook Content/Textbook 1 - Chapter 1 Network Basics/Book 1 Chapter 1 - Network Basics.md
medium,Why can maintenance windows affect users in a shared network?,Servers and shared resources may go offline temporarily,Every NIC loses its MAC address,Switches stop using Ethernet,Users are moved to a private WAN,A,Shared systems sometimes go offline for updates and maintenance which affects users who depend on them.,maintenance windows,shared resources may be unavailable,/home/citadel/Documents/citavault/NETC-121/Notes List B - Textbook Content/Textbook 1 - Chapter 1 Network Basics/Book 1 Chapter 1 - Network Basics.md
hard,Which Cisco listed Fast Ethernet SFP module is intended for multimode fiber up to 550 meters?,MGBLH1,MGBLX1,MGBT1,MGBSX1,D,Cisco lists the MGBSX1 as the multimode fiber Fast Ethernet SFP for distances up to 550 meters.,sfp multimode module,multimode fiber model,https://www.cisco.com/c/en/us/products/collateral/interfaces-modules/fast-ethernet-sfp-modules/datasheet-c78-486906.html
hard,Which Cisco listed Fast Ethernet SFP module supports single-mode fiber up to 10 kilometers?,MGBSX1,MGBT1,MGBLX1,MGBBX1,C,Cisco lists the MGBLX1 as the single-mode fiber Fast Ethernet SFP for distances up to 10 km.,sfp singlemode module,single-mode fiber model,https://www.cisco.com/c/en/us/products/collateral/interfaces-modules/fast-ethernet-sfp-modules/datasheet-c78-486906.html
hard,What is the Cisco named benefit of using SFP ports on a switch?,They permanently lock the media type,They let you swap media types without replacing the switch,They eliminate the need for MAC addresses,They convert LANs into WANs,B,SFP slots let the administrator choose copper or fiber modules without replacing the whole switch.,sfp flexibility,media flexibility with modules,https://www.cisco.com/c/en/us/products/collateral/interfaces-modules/fast-ethernet-sfp-modules/datasheet-c78-486906.html
hard,According to Cisco Ethernet cable guidance which cable is typically used between a router Ethernet port and a switch Ethernet port?,Rollover cable,Straight-through cable,Crossover cable,Console cable,B,Cisco cable guidance uses a straight-through cable between router Ethernet ports and switch Ethernet ports.,ethernet cable use,router to switch cable type,https://www.cisco.com/c/en/us/support/docs/lan-switching/ethernet/10561-3.html
hard,According to Cisco Ethernet cable guidance which cable is typically used between two switches on Ethernet ports?,Straight-through cable,Crossover cable,Rollover cable,Fiber patch cable,B,Cisco cable guidance shows crossover cables for like Ethernet devices such as switch to switch.,ethernet cable use,switch to switch cable type,https://www.cisco.com/c/en/us/support/docs/lan-switching/ethernet/10561-3.html
easy,Which topology is built from multiple interconnections between nodes instead of one shared center point?,Bus,Mesh,Ring,Star,B,Mesh topology uses multiple interconnections that create alternate paths between nodes.,mesh topology,multiple interconnections between nodes,/home/citadel/Documents/citavault/NETC-121/Notes List C - Personal Notes/Lecture Week 1/Week 1 Notes.md
easy,What device connects an internal network to external networks such as the internet?,Switch,Patch panel,Router,Printer,C,The router is the device that links the internal network to outside networks including the internet.,core network components,router connects internal network to external networks,/home/citadel/Documents/citavault/NETC-121/Notes List B - Textbook Content/Textbook 1 - Chapter 1 Network Basics/Book 1 Chapter 1 - Network Basics.md
easy,What does offline mean for a networked device?,It is available but busy,It cannot access the network,It is acting as a server,It is using Wi-Fi only,B,Offline means the device cannot access the network because of power link or configuration issues.,online/offline state,offline means unavailable on network,/home/citadel/Documents/citavault/NETC-121/Notes List B - Textbook Content/Textbook 1 - Chapter 1 Network Basics/Book 1 Chapter 1 - Network Basics.md
medium,Why is a peer-to-peer model usually less scalable than a dedicated-server model?,It requires fiber for every host,Endpoints must share resources while also handling user workloads,It cannot use passwords,It only works on MAN networks,B,Peer-to-peer systems are less scalable because endpoint devices serve others while still doing local user tasks.,peer-to-peer model,less scalable due to shared endpoint workload,/home/citadel/Documents/citavault/NETC-121/Notes List B - Textbook Content/Textbook 1 - Chapter 1 Network Basics/Book 1 Chapter 1 - Network Basics.md
medium,What is one reason a business prefers centralized logins and policy control?,It eliminates the need for NICs,It makes management and troubleshooting easier,It removes all need for backups,It changes LANs into WANs,B,Centralized control improves consistency diagnosis and administration across many users.,client-server benefits,centralized policy and easier diagnosis,/home/citadel/Documents/citavault/NETC-121/practice quiz 1.md
medium,Why does a LAN classification depend more on geography than raw host count?,A LAN must always have fewer than 10 hosts,Geographic locality defines the scope of the network,Every LAN must use fiber only,Host count determines topology rather than area,B,The chapter emphasizes that LAN MAN and WAN are based on geographic span rather than just number of devices.,network-size taxonomy,classification by geographic scope,/home/citadel/Documents/citavault/NETC-121/Notes List B - Textbook Content/Textbook 1 - Chapter 1 Network Basics/Book 1 Chapter 1 - Network Basics.md
hard,According to Cisco auto-negotiation guidance what is one very common cause of performance problems on 10/100 Ethernet links?,Duplicate IP addresses,One side at half duplex and the other at full duplex,Too many VLANs,Using a straight-through cable to a router,B,Cisco notes that duplex mismatch is one of the most common causes of Ethernet performance issues.,duplex mismatch,half versus full mismatch issue,https://www.cisco.com/c/en/us/support/docs/lan-switching/ethernet/10561-3.html
hard,Which interface setting pattern is required for Auto-MDIX to operate correctly on Cisco switches?,Speed auto and duplex auto,Speed 1000 and duplex full,Speed 100 and duplex half,Any fixed speed as long as duplex is full,A,Cisco says Auto-MDIX needs speed and duplex set to auto in order to work correctly.,auto-mdix requirements,speed and duplex auto requirement,https://www.cisco.com/c/en/us/td/docs/switches/lan/catalyst2960x/software/15-2_3_e/consolidated_guide/b_1523e_consolidated_2960x_cg/m_int_automdix_cg.html
hard,On which Cisco interfaces is Auto-MDIX supported according to the configuration guide?,Only fiber SX and LX SFP ports,10/100/1000 copper and 10/100/1000BASE-T or TX SFP copper interfaces,Only console ports,Only routed WAN serial links,B,Cisco documents Auto-MDIX support on common copper Ethernet interfaces and copper SFP interfaces not on fiber SX or LX modules.,auto-mdix support,supported interface types,https://www.cisco.com/c/en/us/td/docs/switches/lan/catalyst2960x/software/15-2_3_e/consolidated_guide/b_1523e_consolidated_2960x_cg/m_int_automdix_cg.html
hard,What does Cisco say about Auto-MDIX support on 1000BASE-SX and 1000BASE-LX SFP module interfaces?,It is enabled by default on both,It is not supported on those fiber SFP interfaces,It requires half duplex mode,It works only with crossover patch cables,B,Cisco explicitly notes that Auto-MDIX is not supported on SX or LX fiber SFP interfaces.,auto-mdix restriction,no support on sx lx fiber sfp,https://www.cisco.com/c/en/us/td/docs/switches/lan/catalyst2960x/software/15-2_3_e/consolidated_guide/b_1523e_consolidated_2960x_cg/m_int_automdix_cg.html
easy,What does a patch cable primarily do in a LAN?,Assign IP addresses,Carry data between network devices,Provide authentication,Translate MAC addresses,B,A patch cable is used to carry data between hosts switches routers and similar devices.,patch cable purpose,carries data between devices,/home/citadel/Documents/citavault/NETC-121/practice quiz 1.md
easy,Which topology uses one large shared cable that devices tap into?,Ring,Bus,Star,Mesh,B,Bus topology uses one shared backbone cable for all connected devices.,bus topology,shared backbone cable,/home/citadel/Documents/citavault/NETC-121/Notes List C - Personal Notes/Lecture Week 1/Week 1 Notes.md
easy,What common small-network device often includes both Wi-Fi and a few wired switch ports?,Patch panel,Wireless router,Media converter,Hub,B,The chapter explains that a wireless router often combines router firewall WAP and a small switch.,wireless router composition,all-in-one small network device,/home/citadel/Documents/citavault/NETC-121/Notes List B - Textbook Content/Textbook 1 - Chapter 1 Network Basics/Book 1 Chapter 1 - Network Basics.md
medium,Why is a firewall considered mandatory for internet-connected networks in Week 1 material?,It improves binary conversion speed,It filters and protects traffic between trusted and untrusted networks,It replaces the NIC,It eliminates the need for passwords,B,The Week 1 reading says internet-connected networks need firewall protection as a baseline control.,firewall baseline,filters traffic between trusted and untrusted,/home/citadel/Documents/citavault/NETC-121/Notes List B - Textbook Content/Textbook 1 - Chapter 1 Network Basics/Book 1 Chapter 1 - Network Basics.md
medium,Why might shared printers or files sometimes be unavailable even if the network itself is fine?,They automatically change MAC addresses,They may be busy locked or limited by policy,They only work on MAN links,They require crossover cables,B,Shared resources can be unavailable because they are in use locked or controlled by policy.,shared network constraints,busy locked or policy-limited resources,/home/citadel/Documents/citavault/NETC-121/Notes List B - Textbook Content/Textbook 1 - Chapter 1 Network Basics/Book 1 Chapter 1 - Network Basics.md
medium,What does the practice quiz suggest is the most likely issue if two PCs are connected directly with a verified straight-through cable but cannot communicate?,The cable should be crossover for two like devices,The PCs need a firewall,The subnet mask must be /30,The switch port is overloaded,A,The Week 1 practice quiz identifies the direct-PC connection case as needing a crossover cable in that scenario.,patch cable logic,direct pc to pc crossover expectation,/home/citadel/Documents/citavault/NETC-121/practice quiz 1.md
hard,According to Cisco Auto-MDIX guidance what is the default status of Auto-MDIX on supported interfaces?,Disabled until manually enabled,Enabled by default,Enabled only on uplinks,Enabled only on fiber ports,B,Cisco states that Auto-MDIX is enabled by default on supported interfaces.,auto-mdix default,enabled by default,https://www.cisco.com/c/en/us/td/docs/switches/lan/catalyst2960x/software/15-2_3_e/consolidated_guide/b_1523e_consolidated_2960x_cg/m_int_automdix_cg.html
hard,What does Auto-MDIX allow a Cisco switch port to determine automatically?,The VLAN number of the remote device,The required straight-through or crossover connection type,The IP address of the peer,Whether the remote device is a router or host,B,Auto-MDIX lets the interface detect the needed cable wiring relationship automatically.,auto-mdix function,detect required cable type,https://www.cisco.com/c/en/us/td/docs/switches/lan/catalyst2960x/software/15-2_3_e/consolidated_guide/b_1523e_consolidated_2960x_cg/m_int_automdix_cg.html
hard,Which Cisco guidance statement is true about a duplex mismatch?,It usually has no effect on throughput,It is a rare issue seen only on fiber,It can create collisions and poor performance symptoms,It changes MAC addresses on the link,C,Cisco warns that duplex mismatches create degraded performance and collision-related symptoms.,duplex mismatch effects,collisions and poor performance,https://www.cisco.com/c/en/us/support/docs/lan-switching/ethernet/10561-3.html
hard,When using older fixed-cabling logic from Cisco examples which cable is commonly used between two PCs directly?,Straight-through cable,Crossover cable,Rollover cable,Console cable,B,Cisco Ethernet cable examples historically use a crossover cable between two directly connected PCs.,ethernet cable use,pc to pc cable type,https://www.cisco.com/c/en/us/support/docs/lan-switching/ethernet/10561-3.html
easy,What is a remote resource?,A resource stored only in RAM,A resource on another networked device,A resource on your own hard drive,A resource available only offline,B,A remote resource resides on another networked system rather than your own device.,local vs remote resource,resource on another networked system,/home/citadel/Documents/citavault/NETC-121/Notes List B - Textbook Content/Textbook 1 - Chapter 1 Network Basics/Book 1 Chapter 1 - Network Basics.md
easy,Which topology connects each device to exactly two neighbors in a closed loop?,Bus,Star,Mesh,Ring,D,Ring topology forms a loop where each device connects to two neighbors.,ring topology,closed loop neighbors,/home/citadel/Documents/citavault/NETC-121/Notes List C - Personal Notes/Lecture Week 1/Week 1 Notes.md
easy,What does up usually mean for a network link?,It is operational,It uses fiber,It has a public IP,It is encrypted,A,Up means the link or interface is operational and able to pass traffic.,up/down state,up means operational,/home/citadel/Documents/citavault/NETC-121/Notes List C - Personal Notes/Lecture Week 1/Week 1 Notes.md
medium,Why does shared storage require management in a networked environment?,Storage is infinite on servers,Shared capacity is limited and must be controlled,Only fiber links can access shared storage,Shared storage ignores permissions,B,The Week 1 chapter notes that shared storage is limited and has to be managed carefully.,shared network constraints,shared storage is limited,/home/citadel/Documents/citavault/NETC-121/Notes List B - Textbook Content/Textbook 1 - Chapter 1 Network Basics/Book 1 Chapter 1 - Network Basics.md
medium,What is one reason malware risk increases in weakly controlled shared networks?,Malware can spread between connected systems,Malware only attacks routers,Malware requires dedicated WAN circuits,Malware disables all firewalls automatically,A,The Week 1 reading explicitly notes that malware can spread over a network if controls are weak.,security baseline,malware can spread over network,/home/citadel/Documents/citavault/NETC-121/Notes List B - Textbook Content/Textbook 1 - Chapter 1 Network Basics/Book 1 Chapter 1 - Network Basics.md
medium,Why is organizational discipline part of a network administrator's job?,Because topology names must stay alphabetical,Because operations include maintenance backups access and coordination,Because only discipline can fix EMI,Because Ethernet requires a discipline protocol,B,The chapter says organization and operational discipline are as important as technical skill for administrators.,network administrator role,operations and coordination duties,/home/citadel/Documents/citavault/NETC-121/Notes List B - Textbook Content/Textbook 1 - Chapter 1 Network Basics/Book 1 Chapter 1 - Network Basics.md
hard,What is the main reason Cisco documents auto-negotiation for speed and duplex on Ethernet links?,To automatically assign IP addresses,To let both ends agree on compatible operational parameters,To encrypt the physical signal,To set VLAN membership automatically,B,Auto-negotiation is used so both ends of an Ethernet link can agree on speed and duplex settings.,autonegotiation purpose,agree on speed and duplex,https://www.cisco.com/c/en/us/support/docs/lan-switching/ethernet/10561-3.html
hard,Which Cisco statement about full-duplex Ethernet is correct?,It allows collisions like a shared hub,It sends and receives simultaneously,It requires CSMA/CD on every frame,It only works on WAN links,B,Full duplex allows simultaneous send and receive and avoids collision-domain behavior on that point-to-point link.,duplex mode,simultaneous send and receive,https://www.cisco.com/c/en/us/support/docs/lan-switching/ethernet/10561-3.html
hard,Which Cisco statement about half-duplex Ethernet is correct?,It sends and receives at the same time,It is used only for fiber SFPs,It cannot transmit and receive simultaneously on the same medium,It automatically disables auto-negotiation,C,Half duplex means the interface cannot send and receive at the same time on that shared medium.,duplex mode,cannot send and receive simultaneously,https://www.cisco.com/c/en/us/support/docs/lan-switching/ethernet/10561-3.html
hard,What type of Cisco interface module pairing would avoid any need for Auto-MDIX entirely?,Fiber SX and LX links,Copper RJ-45 links only,Console rollover links only,Crossover copper patch cords only,A,Auto-MDIX is a copper-pair concern and does not apply to SX or LX fiber interfaces.,auto-mdix scope,fiber avoids mdix issue,https://www.cisco.com/c/en/us/td/docs/switches/lan/catalyst2960x/software/15-2_3_e/consolidated_guide/b_1523e_consolidated_2960x_cg/m_int_automdix_cg.html
easy,What role does a client have in a client-server network?,It provides shared resources to all other devices,It consumes shared resources and services,It forwards packets between networks,It filters internet traffic,B,A client consumes shared resources provided by servers.,client role,consumes shared resources,/home/citadel/Documents/citavault/NETC-121/Notes List B - Textbook Content/Textbook 1 - Chapter 1 Network Basics/Book 1 Chapter 1 - Network Basics.md
easy,What network size category usually covers a city-scale area?,LAN,MAN,WAN,PAN,B,MAN stands for Metropolitan Area Network and covers a city or metro area.,network-size taxonomy,man city scale,/home/citadel/Documents/citavault/NETC-121/Notes List B - Textbook Content/Textbook 1 - Chapter 1 Network Basics/Book 1 Chapter 1 - Network Basics.md
easy,What kind of interference is caused by radio-frequency sources?,EMI,RFI,FCS,CRC,B,RFI is radio-frequency interference that can disrupt transmissions.,rfi,radio-frequency interference,/home/citadel/Documents/citavault/NETC-121/Notes List C - Personal Notes/Lecture Week 1/Week 1 Notes.md
medium,Why is a server usually more powerful than a typical client workstation?,Because it runs no operating system,Because many users depend on the services it provides,Because it must always have a public IP,Because it replaces the router,B,Servers are often more powerful because many clients depend on them for shared services.,server role,many users depend on server,/home/citadel/Documents/citavault/NETC-121/Notes List B - Textbook Content/Textbook 1 - Chapter 1 Network Basics/Book 1 Chapter 1 - Network Basics.md
medium,What is one drawback of shared environments compared with fully independent standalone computing?,Shared rules and policies limit what individual users can do,Every device gets faster internet access,There is no need for credentials,All maintenance windows disappear,A,Shared network environments trade some endpoint independence for centralized control and shared capability.,network operations impact,loss of endpoint independence,/home/citadel/Documents/citavault/NETC-121/Notes List B - Textbook Content/Textbook 1 - Chapter 1 Network Basics/Book 1 Chapter 1 - Network Basics.md
medium,Why is file-extension visibility considered useful in technical work according to the Week 1 practice quiz?,It increases Ethernet throughput,It helps reveal the real file type and detect spoofing,It changes Windows firewall rules,It prevents all malware automatically,B,The Week 1 practice quiz points out that visible file extensions help users see true file types and catch spoofing.,technical work habit,see real file type and spoofing,/home/citadel/Documents/citavault/NETC-121/practice quiz 1.md
hard,What does Cisco indicate Auto-MDIX will do when enabled on a supported interface?,Detect and configure the needed cable connection type automatically,Force every link to crossover mode,Disable auto-negotiation completely,Set all links to 100 Mb half duplex,A,Cisco explains that Auto-MDIX detects whether straight-through or crossover behavior is needed and configures accordingly.,auto-mdix function,automatic cable-type detection,https://www.cisco.com/c/en/us/td/docs/switches/lan/catalyst2960x/software/15-2_3_e/consolidated_guide/b_1523e_consolidated_2960x_cg/m_int_automdix_cg.html
hard,According to Cisco cable guidance what cable is typically used between a switch Ethernet port and a host NIC?,Rollover cable,Straight-through cable,Crossover cable,Console cable,B,Cisco Ethernet cable examples use straight-through cables between unlike devices such as switch to host.,ethernet cable use,switch to host cable type,https://www.cisco.com/c/en/us/support/docs/lan-switching/ethernet/10561-3.html
hard,Which Cisco cable type is used for console-style reversed-pin connections rather than normal Ethernet data links?,Straight-through,Crossover,Rollover,Fiber trunk,C,A rollover cable is used for reversed-pin console style connections and not for normal Ethernet data forwarding.,cable type,console style rollover cable,https://www.cisco.com/en/US/docs/cable/modems/ubr905/installation/guide/hig905ca.html
hard,Which physical medium is immune to EMI and RFI in the way copper twisted pair is not?,Coaxial cable,Fiber optic cable,UTP patch cable,Shielded RJ-45 keystone,B,Fiber uses light instead of electrical signaling so it is not affected by EMI or RFI like copper media.,physical media,fiber immune to emi rfi,https://www.cisco.com/c/en/us/products/collateral/interfaces-modules/fast-ethernet-sfp-modules/datasheet-c78-486906.html
easy,What is one common purpose of networking in an organization?,To eliminate communication,To share files and resources,To remove all security controls,To avoid using routers,B,The Week 1 chapter emphasizes sharing files resources programs and communication as key reasons for networking.,network value model,sharing files and resources,/home/citadel/Documents/citavault/NETC-121/Notes List B - Textbook Content/Textbook 1 - Chapter 1 Network Basics/Book 1 Chapter 1 - Network Basics.md
easy,Which device provides wireless access to a wired network?,WAP,Patch panel,Hub,UPS,A,A wireless access point provides the radio interface that lets wireless clients join the wired network.,core network components,wap provides wireless access,/home/citadel/Documents/citavault/NETC-121/Notes List B - Textbook Content/Textbook 1 - Chapter 1 Network Basics/Book 1 Chapter 1 - Network Basics.md
easy,What is a node on a network?,Only a router,Any participating addressable device,Only a client PC,Only a server,B,A node is any participating addressable device on the network.,network node,any participating device,/home/citadel/Documents/citavault/NETC-121/Notes List C - Personal Notes/Lecture Week 1/Week 1 Notes.md
medium,Why is a wireless router considered an all-in-one small-network device?,It combines routing firewall wireless and switch functions,It acts as a WAN provider,It replaces every server,It only supports one host,A,The Week 1 reading says small environments often use wireless routers because they combine multiple network roles in one box.,wireless router composition,combined network functions,/home/citadel/Documents/citavault/NETC-121/Notes List B - Textbook Content/Textbook 1 - Chapter 1 Network Basics/Book 1 Chapter 1 - Network Basics.md
medium,Why can a dedicated carrier circuit be preferred over a general internet path between sites?,It avoids all addressing,It offers committed connectivity for the WAN link,It removes the need for routers,It turns the WAN into a LAN,B,Dedicated WAN circuits provide committed connectivity unlike general shared internet transport.,dedicated wan connectivity,committed carrier connectivity,/home/citadel/Documents/citavault/NETC-121/Notes List B - Textbook Content/Textbook 1 - Chapter 1 Network Basics/Book 1 Chapter 1 - Network Basics.md
medium,Why is it useful to annotate partial screenshots in documentation instead of capturing the whole screen according to the Week 1 practice quiz?,It reduces patch-cable length,It highlights the exact UI element or step clearly,It changes the file extension automatically,It speeds up Ethernet,B,The practice quiz points out that annotated partial screenshots improve clarity by focusing on the exact step or UI element.,documentation practice,highlight exact element clearly,/home/citadel/Documents/citavault/NETC-121/practice quiz 1.md
hard,According to Cisco Ethernet guidance what two operational settings usually negotiate together on an Ethernet link?,IP and subnet mask,Speed and duplex,VLAN and trunk mode,DNS and gateway,B,Cisco Ethernet guidance discusses speed and duplex as the key operational settings negotiated on a link.,autonegotiation purpose,speed and duplex negotiation,https://www.cisco.com/c/en/us/support/docs/lan-switching/ethernet/10561-3.html
hard,What is the Cisco-documented risk of connecting certain pre-standard powered devices through a crossover cable even when Auto-MDIX is enabled?,They may not be supported properly,They force the link to fiber mode,They disable MAC learning,They become unmanaged switches,A,Cisco warns that some pre-standard powered devices might not be supported correctly through crossover cabling even with Auto-MDIX.,auto-mdix restriction,pre-standard poe crossover caveat,https://www.cisco.com/c/en/us/td/docs/switches/lan/catalyst2960x/software/15-2_3_e/consolidated_guide/b_1523e_consolidated_2960x_cg/m_int_automdix_cg.html
hard,Which Cisco listed Fast Ethernet SFP module supports single-fiber bidirectional operation up to 10 kilometers?,MGBSX1,MGBLX1,MGBBX1,MGBT1,C,Cisco lists the MGBBX1 as the bidirectional single-fiber Fast Ethernet SFP option up to 10 km.,sfp bidi module,bidirectional single-fiber model,https://www.cisco.com/c/en/us/products/collateral/interfaces-modules/fast-ethernet-sfp-modules/datasheet-c78-486906.html
hard,What larger lesson from Cisco SFP documentation fits Week 1 physical-media study best?,Media choice can be changed modularly without replacing the switch platform,All Ethernet must use UTP,Every switch port can only run at half duplex,Fiber modules assign IP addresses,A,Cisco's SFP documentation shows that physical-media choice can be modular and flexible on the same platform.,physical media,modular media choice,https://www.cisco.com/c/en/us/products/collateral/interfaces-modules/fast-ethernet-sfp-modules/datasheet-c78-486906.html
easy,What does a server provide in a client-server model?,Shared resources and services,Only local files,Only physical cabling,Only wireless coverage,A,A server provides shared resources and services to client devices.,server role,shared resources and services,/home/citadel/Documents/citavault/NETC-121/Notes List B - Textbook Content/Textbook 1 - Chapter 1 Network Basics/Book 1 Chapter 1 - Network Basics.md
easy,What kind of network is usually limited to a building or nearby area?,WAN,LAN,MAN,VPN,B,A LAN covers a local area such as a building or nearby campus area.,lan concept,local building or nearby area,/home/citadel/Documents/citavault/NETC-121/Notes List C - Personal Notes/Lecture Week 1/Week 1 Notes.md
medium,Why is a full mesh usually more resilient than a hub-and-spoke design?,It needs fewer links,It offers direct alternate paths between nodes,It removes the need for routers,It always uses one cable only,B,Full mesh provides direct interconnections between nodes so loss of one path does not force all traffic through a single hub.,full mesh,resilience through direct alternate paths,/home/citadel/Documents/citavault/NETC-121/Notes List C - Personal Notes/Lecture Week 1/Week 1 Notes.md
medium,Why is physical media still part of Week 1 network fundamentals even before deeper protocol study?,The choice of media affects connectivity distance and interference behavior,Media type automatically sets the IP address,Physical media replaces topology design,It only matters for WANs,A,Week 1 includes physical media because copper and fiber have different capabilities and limits around distance and interference.,physical media,connectivity distance and interference,/home/citadel/Documents/citavault/NETC-121/MASTER LIST/syllabus.md
medium,Why does the practice quiz emphasize the patch cable as carrying data between hosts switches and routers?,Because it is the basic physical path used by wired Ethernet devices,Because it provides Wi-Fi coverage,Because it assigns MAC addresses,Because it filters traffic,B,The patch cable is the physical copper path that carries Ethernet traffic between wired devices.,patch cable purpose,wired ethernet path between devices,/home/citadel/Documents/citavault/NETC-121/practice quiz 1.md
hard,What Cisco-documented combination best describes full-duplex Ethernet operation on a switched point-to-point link?,Shared collisions with CSMA/CD,Send and receive simultaneously without collision-domain contention,Half-speed transmission only,Only unicast traffic is allowed,B,On a switched point-to-point full-duplex link interfaces can transmit and receive simultaneously without the shared-medium collision behavior of old Ethernet.,duplex mode,full duplex switched link behavior,https://www.cisco.com/c/en/us/support/docs/lan-switching/ethernet/10561-3.html
hard,Which Cisco cable rule from classic Ethernet examples connects unlike devices such as switch-to-router or switch-to-host?,Use crossover for unlike devices,Use straight-through for unlike devices,Use rollover for unlike devices,Use fiber only,B,Cisco's classic cable examples use straight-through cabling for unlike Ethernet device types.,ethernet cable rule,straight-through for unlike devices,https://www.cisco.com/c/en/us/support/docs/lan-switching/ethernet/10561-3.html
hard,Which Cisco cable rule from classic Ethernet examples connects like devices such as switch-to-switch or host-to-host?,Use straight-through for like devices,Use crossover for like devices,Use rollover for like devices,Use no cable because Auto-MDIX is mandatory,B,Cisco's classic cable examples use crossover cabling for like Ethernet device types.,ethernet cable rule,crossover for like devices,https://www.cisco.com/c/en/us/support/docs/lan-switching/ethernet/10561-3.html
hard,What is one physical-media advantage of the Cisco copper SFP option compared with fiber SFPs in small offices?,It uses ordinary Cat5 cabling already common in many closets,It is immune to EMI,It supports only console traffic,It removes the need for switches,A,Cisco's copper Fast Ethernet SFP option is useful where ordinary structured copper cabling is already available.,physical media,copper sfp uses common cat5,https://www.cisco.com/c/en/us/products/collateral/interfaces-modules/fast-ethernet-sfp-modules/datasheet-c78-486906.html
hard,What is one physical-media advantage of Cisco fiber SFP options compared with copper in noisy environments?,They are unaffected by EMI and support optical runs,They always provide PoE,They use RJ-45 plugs,They require crossover pinouts,A,Fiber SFPs use optical signaling so they avoid EMI issues that can affect copper media.,physical media,fiber advantage in noisy environment,https://www.cisco.com/c/en/us/products/collateral/interfaces-modules/fast-ethernet-sfp-modules/datasheet-c78-486906.html
easy,What is one thing networking lets users share besides files?,Communication tools,Only CPU cycles,Only MAC tables,Only firmware,A,Week 1 emphasizes communication tools like messaging meetings and calls as shared benefits of networking.,network value model,communication tools are shared benefits,/home/citadel/Documents/citavault/NETC-121/Notes List B - Textbook Content/Textbook 1 - Chapter 1 Network Basics/Book 1 Chapter 1 - Network Basics.md
easy,What kind of device can both share and consume resources in a peer-to-peer network?,Only a server,Any endpoint device,Only a router,Only a firewall,B,In peer-to-peer networks endpoints can both share and consume resources.,peer-to-peer model,endpoint can share and consume,/home/citadel/Documents/citavault/NETC-121/Notes List B - Textbook Content/Textbook 1 - Chapter 1 Network Basics/Book 1 Chapter 1 - Network Basics.md
medium,Why does Week 1 treat client-to-site VPN as part of WAN thinking?,It gives remote users a way to reach internal resources across the internet,It replaces every router inside the LAN,It is the same thing as a switch stack,It converts copper into fiber,A,The Week 1 notes place client-to-site VPN under WAN concepts because it connects remote users across outside networks to internal resources.,client-to-site vpn,remote access across internet,/home/citadel/Documents/citavault/NETC-121/Notes List C - Personal Notes/Lecture Week 1/Week 1 Notes.md
medium,Why does the chapter describe networking as structured sharing rather than just physical connectivity?,Because useful networks coordinate access to resources services and communication,Because every cable must be labeled,Because physical media is more important than users,Because a LAN is defined by cable color,A,The reading says the value of networking is structured sharing of internet access files programs resources and communication.,network value model,structured sharing concept,/home/citadel/Documents/citavault/NETC-121/Notes List B - Textbook Content/Textbook 1 - Chapter 1 Network Basics/Book 1 Chapter 1 - Network Basics.md
medium,Why can larger networks split firewall router switch and WAP into separate devices instead of one all-in-one unit?,Separate devices scale and specialize better as needs grow,Separate devices remove the need for cabling,Separate devices make WANs into LANs,Separate devices eliminate maintenance windows,A,The chapter explains that larger networks often separate roles across dedicated devices as the environment grows.,growing network,separate specialized devices as network grows,/home/citadel/Documents/citavault/NETC-121/Notes List B - Textbook Content/Textbook 1 - Chapter 1 Network Basics/Book 1 Chapter 1 - Network Basics.md
hard,Which Cisco point best explains why duplex mismatches can feel tricky to diagnose?,Links may come up physically while still performing badly,They always prevent link lights,They change the cable pinout,They delete VLANs,A,Duplex mismatches can leave the link up but still cause poor performance symptoms which makes them harder to spot quickly.,duplex mismatch,link up but bad performance,https://www.cisco.com/c/en/us/support/docs/lan-switching/ethernet/10561-3.html
hard,According to Cisco Auto-MDIX guidance what is the key operational convenience of the feature for copper Ethernet?,It removes all need for switches,It reduces concern about whether the patch lead is straight-through or crossover,It enables fiber on copper ports,It auto-configures VLAN trunks,B,Auto-MDIX reduces the need to manually worry about straight-through versus crossover cable wiring on supported copper links.,auto-mdix benefit,reduces cable-type concern,https://www.cisco.com/c/en/us/td/docs/switches/lan/catalyst2960x/software/15-2_3_e/consolidated_guide/b_1523e_consolidated_2960x_cg/m_int_automdix_cg.html
hard,Which Cisco SFP option from the Week 1 physical-media extension would best match an existing copper horizontal run in an office?,MGBSX1,MGBLX1,MGBT1,MGBBX1,C,The copper MGBT1 module is the Cisco Fast Ethernet SFP intended for Cat5 copper runs.,physical media,match existing copper run,https://www.cisco.com/c/en/us/products/collateral/interfaces-modules/fast-ethernet-sfp-modules/datasheet-c78-486906.html
hard,Which Cisco SFP option would best fit a short multimode fiber closet-to-closet link?,MGBT1,MGBSX1,MGBBX1,Rollover console port,B,Cisco lists the MGBSX1 as the multimode fiber option for shorter optical links.,physical media,multimode fiber choice,https://www.cisco.com/c/en/us/products/collateral/interfaces-modules/fast-ethernet-sfp-modules/datasheet-c78-486906.html
hard,Which Cisco SFP option would best fit a longer single-mode fiber run between buildings?,MGBSX1,MGBT1,MGBLX1,Straight-through Cat5 cable,C,Cisco lists the MGBLX1 as the single-mode fiber option for longer runs up to 10 km.,physical media,single-mode long-run choice,https://www.cisco.com/c/en/us/products/collateral/interfaces-modules/fast-ethernet-sfp-modules/datasheet-c78-486906.html
easy,What basic hardware enables a device to connect to a network medium?,Patch panel,NIC,Firewall,UPS,B,A network interface card provides the hardware needed for network connectivity.,core network components,nic enables connectivity,/home/citadel/Documents/citavault/NETC-121/Notes List B - Textbook Content/Textbook 1 - Chapter 1 Network Basics/Book 1 Chapter 1 - Network Basics.md
easy,What is one major advantage of fiber in electrically noisy areas?,It carries PoE farther,It is immune to EMI and RFI,It uses RJ-45 plugs,It requires no transceivers,B,Fiber uses light instead of electrical signaling so it is not affected by EMI or RFI the way copper can be.,physical media,fiber immune to interference,/home/citadel/Documents/citavault/NETC-121/practice quiz 1.md
medium,Why is a network more than just devices being physically plugged in?,It also exists to exchange information and share resources in an organized way,It requires a server in every room,It only matters if internet access is present,It is defined by MAC addresses only,A,Week 1 defines a network as connected devices exchanging information and using shared capabilities.,network core definition,exchange information and share resources,/home/citadel/Documents/citavault/NETC-121/Notes List B - Textbook Content/Textbook 1 - Chapter 1 Network Basics/Book 1 Chapter 1 - Network Basics.md
medium,Why might a company keep some peer sharing even in an environment that mostly uses dedicated servers?,Real networks can use a hybrid model,Peer sharing makes firewalls unnecessary,Servers cannot share files,Hybrid models eliminate maintenance windows,A,The Week 1 reading says hybrid environments are common and combine dedicated servers with some peer sharing.,hybrid model,real environments often hybrid,/home/citadel/Documents/citavault/NETC-121/Notes List B - Textbook Content/Textbook 1 - Chapter 1 Network Basics/Book 1 Chapter 1 - Network Basics.md
medium,Why is direct internet exposure dangerous for endpoints even in small environments?,It invites unwanted inbound traffic without proper filtering,It changes a LAN into a MAN,It disables local resources,It makes WAN links impossible,A,The Week 1 security baseline says endpoints should not be directly exposed to the internet without firewall protection.,security baseline,danger of direct internet exposure,/home/citadel/Documents/citavault/NETC-121/Notes List B - Textbook Content/Textbook 1 - Chapter 1 Network Basics/Book 1 Chapter 1 - Network Basics.md
medium,Why does the patch-cable lab belong in Week 1 fundamentals?,Physical connectivity is part of basic network operation before higher-layer study,A patch cable configures routing tables,Patch cables assign user permissions,It is only relevant to WANs,A,Week 1 includes building a patch cable because physical-layer connectivity is a foundational networking skill.,patch cable lab,physical connectivity foundational skill,/home/citadel/Documents/citavault/NETC-121/MASTER LIST/syllabus.md
hard,What Cisco-documented behavior makes full-duplex Ethernet more efficient than half-duplex on a point-to-point link?,It uses CSMA/CD more often,It can send and receive simultaneously without shared-medium contention,It forces every link to 100 Mb/s,It automatically creates VLANs,B,Full duplex improves efficiency because both directions can operate simultaneously without shared collision behavior.,duplex efficiency,simultaneous bidirectional transmission,https://www.cisco.com/c/en/us/support/docs/lan-switching/ethernet/10561-3.html
hard,What Cisco-documented symptom category should make an engineer suspect duplex mismatch before blaming IP configuration?,Layer 1 link is up but throughput and errors are abnormal,The hostname is missing,The default gateway is blank,The MAC address begins with FF,A,Cisco's Ethernet guidance highlights duplex mismatch as a performance problem even when the physical link appears up.,duplex mismatch,abnormal throughput and errors,https://www.cisco.com/c/en/us/support/docs/lan-switching/ethernet/10561-3.html
hard,What Week 1 physical-media lesson is reinforced by Cisco's support for both copper and fiber SFP modules?,One switch platform can support different media choices,All switch ports must use the same cable type,Only copper is practical in enterprises,Fiber and copper use identical interference properties,A,Cisco's SFP lineup reinforces the Week 1 lesson that media selection is a design choice based on environment and distance.,physical media,one platform multiple media choices,https://www.cisco.com/c/en/us/products/collateral/interfaces-modules/fast-ethernet-sfp-modules/datasheet-c78-486906.html
hard,What design idea from Cisco Auto-MDIX best extends the Week 1 patch-cable topic into modern switching?,Modern switches can often compensate automatically for straight-through versus crossover mistakes on supported copper links,Patch cables no longer matter at all,Auto-MDIX works on every fiber optic link,Console rollovers are replaced by Auto-MDIX,A,Auto-MDIX extends the basic cable lesson by showing that many modern copper ports can automatically adapt to the needed pair arrangement.,auto-mdix design,modern compensation for cable type,https://www.cisco.com/c/en/us/td/docs/switches/lan/catalyst2960x/software/15-2_3_e/consolidated_guide/b_1523e_consolidated_2960x_cg/m_int_automdix_cg.html
