difficulty,question,choice_a,choice_b,choice_c,choice_d,correct_choice,explanation,concept_key,aspect_key,source_path
easy,What address type does a Layer 2 switch use to forward Ethernet frames?,MAC address,IP address,TCP port,OSPF cost,A,A Layer 2 switch forwards frames by using destination MAC addresses.,layer 2 switching,mac forwarding,/home/citadel/Documents/citavault/NETC-121/rocket-questions-html/courses/NETC-121/notes-content/MASTER LIST/Weekly AI Master Lists/Week 13 - AI Master List.md
easy,What address type does a Layer 3 device use when routing packets?,IP address,MAC address,VLAN name,Frame checksum,A,A Layer 3 device routes packets by using destination IP addresses.,layer 3 routing,ip forwarding,/home/citadel/Documents/citavault/NETC-121/rocket-questions-html/courses/NETC-121/notes-content/MASTER LIST/Weekly AI Master Lists/Week 13 - AI Master List.md
easy,Which OSI layer is the Data Link layer?,Layer 2,Layer 3,Layer 4,Layer 7,A,The Data Link layer is Layer 2 of the OSI model.,osi model,data link layer,/home/citadel/Documents/citavault/NETC-121/rocket-questions-html/courses/NETC-121/notes-content/MASTER LIST/Weekly AI Master Lists/Week 13 - AI Master List.md
easy,Which OSI layer is the Network layer?,Layer 3,Layer 1,Layer 2,Layer 6,A,The Network layer is Layer 3 of the OSI model.,osi model,network layer,/home/citadel/Documents/citavault/NETC-121/rocket-questions-html/courses/NETC-121/notes-content/MASTER LIST/Weekly AI Master Lists/Week 13 - AI Master List.md
easy,What is another common name for a Layer 3 switch?,Multilayer switch,Repeater,Media converter,Wireless client,A,A Layer 3 switch is also called a multilayer switch.,layer 3 switch,alternate name,/home/citadel/Documents/citavault/NETC-121/rocket-questions-html/courses/NETC-121/notes-content/MASTER LIST/Weekly AI Master Lists/Week 13 - AI Master List.md
easy,What two broad functions can a Layer 3 switch perform?,Switch frames and route packets,Encrypt emails and resolve names,Assign ports and print logs,Filter spam and host websites,A,A Layer 3 switch can perform Layer 2 switching and Layer 3 routing.,layer 3 switch,combined functions,/home/citadel/Documents/citavault/NETC-121/rocket-questions-html/courses/NETC-121/notes-content/MASTER LIST/Weekly AI Master Lists/Week 13 - AI Master List.md
easy,What does a switch learn from incoming Ethernet frames?,Source MAC addresses,Source TCP ports,Source DNS records,Source OSPF areas,A,Switches learn source MAC addresses and store them in a MAC address table.,layer 2 switching,mac learning,/home/citadel/Documents/citavault/NETC-121/rocket-questions-html/courses/NETC-121/notes-content/MASTER LIST/Weekly AI Master Lists/Week 13 - AI Master List.md
easy,What table does a switch use to associate MAC addresses with ports?,MAC address table,Routing table,ARP table,DNS table,A,A MAC address table maps learned MAC addresses to switch ports.,layer 2 switching,mac address table,/home/citadel/Documents/citavault/NETC-121/rocket-questions-html/courses/NETC-121/notes-content/MASTER LIST/Weekly AI Master Lists/Week 13 - AI Master List.md
easy,What does a routing table list?,Known networks and how to reach them,MAC addresses and switch ports,Usernames and passwords,Domain names and records,A,A routing table stores destination networks and forwarding information.,routing table,purpose,/home/citadel/Documents/citavault/NETC-121/rocket-questions-html/courses/NETC-121/notes-content/MASTER LIST/Weekly AI Master Lists/Week 13 - AI Master List.md
easy,What command commonly enables routing on a Cisco Layer 3 switch?,ip routing,no switchport,show vlan brief,copy running-config,A,The ip routing command enables Layer 3 routing behavior on many Cisco switches.,layer 3 switch,ip routing command,/home/citadel/Documents/citavault/NETC-121/rocket-questions-html/courses/NETC-121/notes-content/MASTER LIST/Weekly AI Master Lists/Week 13 - AI Master List.md
easy,What is a VLAN?,A logical LAN segment,A routing metric,A physical cable type,A DNS record,A,A VLAN is a logical network segment that separates broadcast domains.,vlan,definition,/home/citadel/Documents/citavault/NETC-121/rocket-questions-html/courses/NETC-121/notes-content/MASTER LIST/Weekly AI Master Lists/Week 13 - AI Master List.md
easy,What does VLAN stand for?,Virtual Local Area Network,Verified Link Access Number,Variable Layer Address Name,Virtual Loopback Access Node,A,VLAN stands for Virtual Local Area Network.,vlan,full name,/home/citadel/Documents/citavault/NETC-121/rocket-questions-html/courses/NETC-121/notes-content/MASTER LIST/Weekly AI Master Lists/Week 13 - AI Master List.md
easy,What does a VLAN create at Layer 2?,A separate broadcast domain,A default route,A DNS zone,A transport session,A,VLANs separate a switched network into separate broadcast domains.,vlan,broadcast domain,/home/citadel/Documents/citavault/NETC-121/rocket-questions-html/courses/NETC-121/notes-content/MASTER LIST/Weekly AI Master Lists/Week 13 - AI Master List.md
easy,What is inter-VLAN routing?,Routing between VLANs,Switching inside one VLAN,Learning source MAC addresses,Assigning DNS names,A,Inter-VLAN routing allows traffic to move between VLANs.,inter-vlan routing,definition,/home/citadel/Documents/citavault/NETC-121/rocket-questions-html/courses/NETC-121/notes-content/MASTER LIST/Weekly AI Master Lists/Week 13 - AI Master List.md
easy,What kind of device is needed for traffic between different IP subnets?,Layer 3 device,Layer 1 repeater,Patch panel,Media converter,A,Traffic between IP subnets requires Layer 3 forwarding.,inter-vlan routing,layer 3 requirement,/home/citadel/Documents/citavault/NETC-121/rocket-questions-html/courses/NETC-121/notes-content/MASTER LIST/Weekly AI Master Lists/Week 13 - AI Master List.md
easy,What does SVI stand for?,Switched Virtual Interface,Static VLAN Identifier,Subnet Verification Index,Switch Voice Interface,A,SVI stands for Switched Virtual Interface.,svi,full name,/home/citadel/Documents/citavault/NETC-121/rocket-questions-html/courses/NETC-121/notes-content/MASTER LIST/Weekly AI Master Lists/Week 13 - AI Master List.md
easy,What is the main purpose of an SVI?,Provide a Layer 3 gateway for a VLAN,Store switch passwords,Disable trunking,Replace all routing protocols,A,An SVI provides a Layer 3 IP interface for a VLAN.,svi,purpose,/home/citadel/Documents/citavault/NETC-121/rocket-questions-html/courses/NETC-121/notes-content/MASTER LIST/Weekly AI Master Lists/Week 13 - AI Master List.md
easy,What interface type is created with interface vlan 10?,SVI,Routed physical port,Loopback cable,Console line,A,The interface vlan command creates a switched virtual interface.,svi,interface command,/home/citadel/Documents/citavault/NETC-121/rocket-questions-html/courses/NETC-121/notes-content/MASTER LIST/Weekly AI Master Lists/Week 13 - AI Master List.md
easy,What IP address do hosts usually use to leave their local subnet?,Default gateway,DNS server address,Loopback address,Broadcast address,A,Hosts send remote-subnet traffic to their default gateway.,default gateway,host forwarding,/home/citadel/Documents/citavault/NETC-121/rocket-questions-html/courses/NETC-121/notes-content/MASTER LIST/Weekly AI Master Lists/Week 13 - AI Master List.md
easy,What command can convert a capable switch port into a routed port?,no switchport,no shutdown,show ip route,switchport access vlan,A,The no switchport command makes a capable switch interface operate as a routed port.,routed port,no switchport,/home/citadel/Documents/citavault/NETC-121/rocket-questions-html/courses/NETC-121/notes-content/MASTER LIST/Weekly AI Master Lists/Week 13 - AI Master List.md
easy,When is a routed switch port commonly useful?,Point-to-point Layer 3 links,Accessing a single VLAN only,Creating a DNS zone,Learning wireless clients,A,A routed port is commonly used for point-to-point Layer 3 links.,routed port,use case,/home/citadel/Documents/citavault/NETC-121/rocket-questions-html/courses/NETC-121/notes-content/MASTER LIST/Weekly AI Master Lists/Week 13 - AI Master List.md
easy,When is an SVI commonly useful?,Routing for an entire VLAN,Connecting only a console cable,Replacing all switch ports,Creating a password database,A,An SVI is commonly used as the Layer 3 gateway for a VLAN.,svi,use case,/home/citadel/Documents/citavault/NETC-121/rocket-questions-html/courses/NETC-121/notes-content/MASTER LIST/Weekly AI Master Lists/Week 13 - AI Master List.md
easy,What is route redistribution?,Sharing routes from one routing source into another,Encrypting route updates,Deleting duplicate switch ports,Changing MAC addresses into VLANs,A,Route redistribution advertises routes from one source or protocol into another.,route redistribution,definition,/home/citadel/Documents/citavault/NETC-121/rocket-questions-html/courses/NETC-121/notes-content/MASTER LIST/Weekly AI Master Lists/Week 13 - AI Master List.md
easy,What is one reason route redistribution is used?,Different routing protocols need to share routes,All hosts need MAC addresses,Switches need power,Frames need checksums,A,Redistribution helps different routing domains exchange reachability information.,route redistribution,purpose,/home/citadel/Documents/citavault/NETC-121/rocket-questions-html/courses/NETC-121/notes-content/MASTER LIST/Weekly AI Master Lists/Week 13 - AI Master List.md
easy,What does mutual redistribution mean?,Routes are redistributed both directions,Only static routes are used,All routes are deleted,Only one VLAN is routed,A,Mutual redistribution shares route information in both directions between routing systems.,route redistribution,mutual definition,/home/citadel/Documents/citavault/NETC-121/rocket-questions-html/courses/NETC-121/notes-content/MASTER LIST/Weekly AI Master Lists/Week 13 - AI Master List.md
easy,What type of route is entered manually by an administrator?,Static route,Connected route,OSPF LSA,Dynamic neighbor,A,A static route is manually configured by an administrator.,static routing,definition,/home/citadel/Documents/citavault/NETC-121/rocket-questions-html/courses/NETC-121/notes-content/MASTER LIST/Weekly AI Master Lists/Week 13 - AI Master List.md
easy,What kind of routing lets routers share routes automatically?,Dynamic routing,Static routing,Layer 2 switching,Name resolution,A,Dynamic routing protocols let routers exchange route information automatically.,dynamic routing,definition,/home/citadel/Documents/citavault/NETC-121/rocket-questions-html/courses/NETC-121/notes-content/MASTER LIST/Weekly AI Master Lists/Week 13 - AI Master List.md
easy,What does EIGRP stand for?,Enhanced Interior Gateway Routing Protocol,External Internet Gateway Relay Process,Ethernet Interior Group Route Path,Enhanced Interface Graph Routing Platform,A,EIGRP stands for Enhanced Interior Gateway Routing Protocol.,eigrp,full name,/home/citadel/Documents/citavault/NETC-121/rocket-questions-html/courses/NETC-121/notes-content/MASTER LIST/Weekly AI Master Lists/Week 13 - AI Master List.md
easy,What does OSPF stand for?,Open Shortest Path First,Open Static Packet Forwarding,Optimized Switch Port Filtering,Outside System Path Function,A,OSPF stands for Open Shortest Path First.,ospf,full name,/home/citadel/Documents/citavault/NETC-121/rocket-questions-html/courses/NETC-121/notes-content/MASTER LIST/Weekly AI Master Lists/Week 13 - AI Master List.md
easy,Which routing protocol is commonly associated with Cisco environments?,EIGRP,OSPF,RIPng,IS-IS,A,EIGRP is commonly associated with Cisco routing environments.,eigrp,cisco association,/home/citadel/Documents/citavault/NETC-121/rocket-questions-html/courses/NETC-121/notes-content/MASTER LIST/Weekly AI Master Lists/Week 13 - AI Master List.md
easy,Which routing protocol is an open standard?,OSPF,EIGRP,Static routing,Connected routing,A,OSPF is an open standard supported by many vendors.,ospf,open standard,/home/citadel/Documents/citavault/NETC-121/rocket-questions-html/courses/NETC-121/notes-content/MASTER LIST/Weekly AI Master Lists/Week 13 - AI Master List.md
easy,What routing protocol type is OSPF?,Link state,Path vector only,Static only,Layer 2 only,A,OSPF is a link-state routing protocol.,ospf,protocol type,/home/citadel/Documents/citavault/NETC-121/rocket-questions-html/courses/NETC-121/notes-content/MASTER LIST/Weekly AI Master Lists/Week 13 - AI Master List.md
easy,What routing protocol type is EIGRP often called?,Advanced distance vector,Link state only,Path vector only,Layer 2 protocol,A,EIGRP is often described as an advanced distance-vector protocol.,eigrp,protocol type,/home/citadel/Documents/citavault/NETC-121/rocket-questions-html/courses/NETC-121/notes-content/MASTER LIST/Weekly AI Master Lists/Week 13 - AI Master List.md
easy,What does EIGRP commonly use in its default metric?,Bandwidth and delay,Hop count only,MAC address only,VLAN ID only,A,EIGRP commonly uses bandwidth and delay in its default metric.,eigrp,metric basics,/home/citadel/Documents/citavault/NETC-121/rocket-questions-html/courses/NETC-121/notes-content/MASTER LIST/Weekly AI Master Lists/Week 13 - AI Master List.md
easy,What metric does OSPF use?,Cost,Hop count only,VLAN number,MAC distance,A,OSPF uses cost as its metric.,ospf,metric basics,/home/citadel/Documents/citavault/NETC-121/rocket-questions-html/courses/NETC-121/notes-content/MASTER LIST/Weekly AI Master Lists/Week 13 - AI Master List.md
easy,In OSPF which cost is preferred?,Lower cost,Higher cost,Random cost,Oldest cost,A,OSPF prefers the path with the lower cost.,ospf,cost preference,/home/citadel/Documents/citavault/NETC-121/rocket-questions-html/courses/NETC-121/notes-content/MASTER LIST/Weekly AI Master Lists/Week 13 - AI Master List.md
easy,What routing table code commonly marks an internal EIGRP route?,D,O,R,S,A,Internal EIGRP routes commonly appear with D in the routing table.,eigrp,route code,/home/citadel/Documents/citavault/NETC-121/rocket-questions-html/courses/NETC-121/notes-content/MASTER LIST/Weekly AI Master Lists/Week 13 - AI Master List.md
easy,What routing table code commonly marks an OSPF route?,O,D,R,S,A,OSPF routes commonly appear with O in the routing table.,ospf,route code,/home/citadel/Documents/citavault/NETC-121/rocket-questions-html/courses/NETC-121/notes-content/MASTER LIST/Weekly AI Master Lists/Week 13 - AI Master List.md
easy,What does D EX mean in an EIGRP route entry?,External EIGRP route,Direct Ethernet route,Disabled exchange route,Default excluded route,A,D EX indicates an external EIGRP route.,eigrp,external route code,/home/citadel/Documents/citavault/NETC-121/rocket-questions-html/courses/NETC-121/notes-content/MASTER LIST/Weekly AI Master Lists/Week 13 - AI Master List.md
easy,What kind of route may become D EX after being redistributed into EIGRP?,External route,Local switch frame,Native VLAN,Console line,A,A redistributed route may appear as an external EIGRP route.,eigrp,redistributed route code,/home/citadel/Documents/citavault/NETC-121/rocket-questions-html/courses/NETC-121/notes-content/MASTER LIST/Weekly AI Master Lists/Week 13 - AI Master List.md
easy,What does LSA stand for?,Link-State Advertisement,Local Switch Address,Layered Service Assignment,Link Speed Algorithm,A,LSA stands for Link-State Advertisement.,ospf,lsa full name,/home/citadel/Documents/citavault/NETC-121/rocket-questions-html/courses/NETC-121/notes-content/MASTER LIST/Weekly AI Master Lists/Week 13 - AI Master List.md
easy,What do OSPF routers exchange to describe topology information?,LSAs,DHCP leases,DNS records,HTTP headers,A,OSPF routers exchange LSAs to share topology information.,ospf,lsa purpose,/home/citadel/Documents/citavault/NETC-121/rocket-questions-html/courses/NETC-121/notes-content/MASTER LIST/Weekly AI Master Lists/Week 13 - AI Master List.md
easy,What do OSPF routers build from received LSAs?,Link-state database,MAC address table,Password list,Wireless profile,A,OSPF routers build a link-state database from LSAs.,ospf,link state database,/home/citadel/Documents/citavault/NETC-121/rocket-questions-html/courses/NETC-121/notes-content/MASTER LIST/Weekly AI Master Lists/Week 13 - AI Master List.md
easy,What packets does OSPF use to discover neighbors?,Hello packets,ARP replies,DNS queries,TFTP blocks,A,OSPF uses hello packets to discover and maintain neighbors.,ospf,hello packets,/home/citadel/Documents/citavault/NETC-121/rocket-questions-html/courses/NETC-121/notes-content/MASTER LIST/Weekly AI Master Lists/Week 13 - AI Master List.md
easy,Which OSPF area is the backbone area?,Area 0,Area 1,Area 10,Area 255,A,Area 0 is the OSPF backbone area.,ospf,backbone area,/home/citadel/Documents/citavault/NETC-121/rocket-questions-html/courses/NETC-121/notes-content/MASTER LIST/Weekly AI Master Lists/Week 13 - AI Master List.md
easy,What does ABR stand for?,Area Border Router,Access Bridge Repeater,Automatic Backup Route,Advanced Bandwidth Relay,A,ABR stands for Area Border Router.,ospf,abr full name,/home/citadel/Documents/citavault/NETC-121/rocket-questions-html/courses/NETC-121/notes-content/MASTER LIST/Weekly AI Master Lists/Week 13 - AI Master List.md
easy,What is administrative distance used to compare?,Trust of route sources,Length of Ethernet cables,Size of VLAN tags,Speed of DNS replies,A,Administrative distance compares the trustworthiness of route sources.,administrative distance,purpose,/home/citadel/Documents/citavault/NETC-121/rocket-questions-html/courses/NETC-121/notes-content/MASTER LIST/Weekly AI Master Lists/Week 13 - AI Master List.md
easy,Which administrative distance is preferred?,Lower value,Higher value,Random value,Longest value,A,A lower administrative distance is preferred.,administrative distance,preference,/home/citadel/Documents/citavault/NETC-121/rocket-questions-html/courses/NETC-121/notes-content/MASTER LIST/Weekly AI Master Lists/Week 13 - AI Master List.md
easy,What administrative distance is commonly used by internal EIGRP?,90,110,120,170,A,Internal EIGRP commonly uses administrative distance 90.,administrative distance,eigrp internal,/home/citadel/Documents/citavault/NETC-121/rocket-questions-html/courses/NETC-121/notes-content/MASTER LIST/Weekly AI Master Lists/Week 13 - AI Master List.md
easy,What administrative distance is commonly used by OSPF?,110,90,1,170,A,OSPF commonly uses administrative distance 110.,administrative distance,ospf,/home/citadel/Documents/citavault/NETC-121/rocket-questions-html/courses/NETC-121/notes-content/MASTER LIST/Weekly AI Master Lists/Week 13 - AI Master List.md
medium,Why can a Layer 3 switch reduce the need for router-on-a-stick inside a LAN?,It routes between VLANs internally,It removes VLAN separation,It disables all trunks,It replaces IP addressing,A,A Layer 3 switch can perform inter-VLAN routing within the switching infrastructure.,layer 3 switch,router on a stick comparison,/home/citadel/Documents/citavault/NETC-121/rocket-questions-html/courses/NETC-121/notes-content/MASTER LIST/Weekly AI Master Lists/Week 13 - AI Master List.md
medium,Why is Layer 2 switching alone not enough for hosts in different VLAN subnets?,Layer 2 does not route between IP networks,Layer 2 cannot forward frames,Layer 2 ignores MAC addresses,Layer 2 replaces IP gateways,A,Different IP subnets require Layer 3 routing.,inter-vlan routing,layer 2 limitation,/home/citadel/Documents/citavault/NETC-121/rocket-questions-html/courses/NETC-121/notes-content/MASTER LIST/Weekly AI Master Lists/Week 13 - AI Master List.md
medium,What happens when a host sends traffic to a remote subnet?,It forwards the frame to its default gateway,It sends directly without a gateway,It broadcasts to all VLANs,It starts a routing protocol,A,A host sends remote-subnet traffic to its default gateway.,default gateway,remote subnet behavior,/home/citadel/Documents/citavault/NETC-121/rocket-questions-html/courses/NETC-121/notes-content/MASTER LIST/Weekly AI Master Lists/Week 13 - AI Master List.md
medium,Why might an SVI remain down after configuration?,No active port or trunk supports the VLAN,The IP address is private,OSPF is enabled,The switch has a MAC table,A,An SVI usually needs the VLAN to exist and have active Layer 2 presence.,svi,down condition,/home/citadel/Documents/citavault/NETC-121/rocket-questions-html/courses/NETC-121/notes-content/MASTER LIST/Weekly AI Master Lists/Week 13 - AI Master List.md
medium,Why does a Layer 3 switch still need a routing table?,It must choose next hops for routed packets,It must store DNS names,It must learn wireless keys,It must assign MAC addresses,A,Layer 3 forwarding requires routing-table decisions.,layer 3 switch,routing table need,/home/citadel/Documents/citavault/NETC-121/rocket-questions-html/courses/NETC-121/notes-content/MASTER LIST/Weekly AI Master Lists/Week 13 - AI Master List.md
medium,What is the effect of missing ip routing on a Layer 3 switch?,The switch may not route between networks,All switch ports shut down,All VLANs are deleted,OSPF becomes static,A,Without ip routing the switch may have management IPs but not route traffic.,layer 3 switch,missing ip routing,/home/citadel/Documents/citavault/NETC-121/rocket-questions-html/courses/NETC-121/notes-content/MASTER LIST/Weekly AI Master Lists/Week 13 - AI Master List.md
medium,Why is a routed port different from an access switch port?,A routed port has its own Layer 3 address,A routed port belongs only to VLAN 1,A routed port stores DNS entries,A routed port cannot use IP,A,A routed port behaves like a router interface with an IP address.,routed port,access port contrast,/home/citadel/Documents/citavault/NETC-121/rocket-questions-html/courses/NETC-121/notes-content/MASTER LIST/Weekly AI Master Lists/Week 13 - AI Master List.md
medium,Why do devices in separate VLANs often use different IP subnets?,Each VLAN is a separate broadcast domain,Each VLAN must use the same gateway,Each VLAN disables routing,Each VLAN removes Layer 3,A,VLANs commonly separate broadcast domains and IP subnets.,vlan,subnet relationship,/home/citadel/Documents/citavault/NETC-121/rocket-questions-html/courses/NETC-121/notes-content/MASTER LIST/Weekly AI Master Lists/Week 13 - AI Master List.md
medium,What makes a Layer 3 switch useful in a campus network?,Fast internal routing between VLANs,Internet firewall policy only,Wireless encryption only,DNS record storage,A,Layer 3 switches are useful for fast routing inside LAN and campus designs.,layer 3 switch,campus use,/home/citadel/Documents/citavault/NETC-121/rocket-questions-html/courses/NETC-121/notes-content/MASTER LIST/Weekly AI Master Lists/Week 13 - AI Master List.md
medium,Why might a router still be better than a Layer 3 switch at an internet edge?,Routers often support broader WAN and edge features,Layer 3 switches cannot use MAC addresses,Routers cannot route between networks,Switches always block IP traffic,A,Routers typically provide broader WAN and internet-edge capabilities.,router vs layer 3 switch,edge role,/home/citadel/Documents/citavault/NETC-121/rocket-questions-html/courses/NETC-121/notes-content/MASTER LIST/Weekly AI Master Lists/Week 13 - AI Master List.md
medium,Why does route redistribution require planning?,It can create loops and metric problems,It disables all dynamic protocols,It removes routing tables,It blocks connected routes,A,Redistribution can create route-control problems if it is not planned.,route redistribution,planning need,/home/citadel/Documents/citavault/NETC-121/rocket-questions-html/courses/NETC-121/notes-content/MASTER LIST/Weekly AI Master Lists/Week 13 - AI Master List.md
medium,Why can redistribution need metric configuration?,Protocols use different metric systems,Metrics are Layer 2 addresses,Metrics replace VLANs,Protocols never use metrics,A,Redistributed routes may need a metric that the receiving protocol understands.,route redistribution,metric requirement,/home/citadel/Documents/citavault/NETC-121/rocket-questions-html/courses/NETC-121/notes-content/MASTER LIST/Weekly AI Master Lists/Week 13 - AI Master List.md
medium,What problem can mutual redistribution create without controls?,Routes can be reintroduced into their original protocol,All interfaces become loopbacks,MAC tables stop learning,VLANs merge automatically,A,Mutual redistribution can feed routes back into the protocol they came from.,route redistribution,feedback risk,/home/citadel/Documents/citavault/NETC-121/rocket-questions-html/courses/NETC-121/notes-content/MASTER LIST/Weekly AI Master Lists/Week 13 - AI Master List.md
medium,Why is physical connectivity not enough between two routing domains?,Routers still need route information,Switches cannot carry frames,Cables remove IP addresses,Hosts stop using gateways,A,Connected networks also need routing knowledge for reachability.,route redistribution,routing knowledge need,/home/citadel/Documents/citavault/NETC-121/rocket-questions-html/courses/NETC-121/notes-content/MASTER LIST/Weekly AI Master Lists/Week 13 - AI Master List.md
medium,What role does a router running both EIGRP and OSPF commonly perform?,Redistributing router between domains,Layer 2 hub only,DNS-only server,Wireless controller only,A,A router running both protocols can redistribute routes between them.,route redistribution,dual protocol router,/home/citadel/Documents/citavault/NETC-121/rocket-questions-html/courses/NETC-121/notes-content/MASTER LIST/Weekly AI Master Lists/Week 13 - AI Master List.md
medium,Why can static routes be redistributed into a dynamic protocol?,Other routers can learn the manually defined reachability,Static routes become MAC addresses,Dynamic protocols require no tables,Static routes are Layer 2 frames,A,Redistribution can advertise static reachability into a dynamic routing domain.,route redistribution,static into dynamic,/home/citadel/Documents/citavault/NETC-121/rocket-questions-html/courses/NETC-121/notes-content/MASTER LIST/Weekly AI Master Lists/Week 13 - AI Master List.md
medium,Why is EIGRP usually more flexible than RIP for path choice?,It considers bandwidth and delay instead of only hop count,It ignores all route metrics,It sends only DNS updates,It forwards frames without IP,A,EIGRP can account for link quality while RIP uses hop count.,eigrp,metric advantage,/home/citadel/Documents/citavault/NETC-121/rocket-questions-html/courses/NETC-121/notes-content/MASTER LIST/Weekly AI Master Lists/Week 13 - AI Master List.md
medium,Why must EIGRP neighbors use the same AS number in basic configuration?,The AS number defines the EIGRP routing domain,The AS number is the VLAN ID,The AS number is the MAC table size,The AS number disables routing,A,EIGRP routers exchange routes when they are in the same EIGRP AS domain.,eigrp,as number requirement,/home/citadel/Documents/citavault/NETC-121/rocket-questions-html/courses/NETC-121/notes-content/MASTER LIST/Weekly AI Master Lists/Week 13 - AI Master List.md
medium,What does the EIGRP network command enable?,EIGRP on matching interfaces,OSPF on all routers,Static routes only,Switchport trunking,A,The EIGRP network command selects interfaces that participate in EIGRP.,eigrp,network command,/home/citadel/Documents/citavault/NETC-121/rocket-questions-html/courses/NETC-121/notes-content/MASTER LIST/Weekly AI Master Lists/Week 13 - AI Master List.md
medium,What does network 10.10.0.0 0.0.255.255 match in EIGRP?,Interfaces in 10.10.x.x,Only host 10.10.0.0,Every 10.x.x.x address,Only VLAN 10,A,The wildcard mask matches addresses with first two octets 10.10.,eigrp,wildcard match,/home/citadel/Documents/citavault/NETC-121/rocket-questions-html/courses/NETC-121/notes-content/MASTER LIST/Weekly AI Master Lists/Week 13 - AI Master List.md
medium,Why does EIGRP form neighbor relationships?,Neighbors exchange routing information,Neighbors assign VLAN IDs,Neighbors replace switch ports,Neighbors resolve domain names,A,EIGRP routers become neighbors before sharing routes.,eigrp,neighbor purpose,/home/citadel/Documents/citavault/NETC-121/rocket-questions-html/courses/NETC-121/notes-content/MASTER LIST/Weekly AI Master Lists/Week 13 - AI Master List.md
medium,Why does EIGRP converge faster than older distance-vector protocols?,It sends updates when changes occur,It uses only manual routes,It waits for DNS records,It disables neighbors,A,EIGRP uses triggered updates and neighbor relationships for faster convergence.,eigrp,convergence,/home/citadel/Documents/citavault/NETC-121/rocket-questions-html/courses/NETC-121/notes-content/MASTER LIST/Weekly AI Master Lists/Week 13 - AI Master List.md
medium,What does show ip eigrp neighbors verify?,EIGRP neighbor relationships,OSPF area summaries,VLAN trunk status,MAC aging timers,A,The command shows whether EIGRP neighbor relationships have formed.,eigrp,verification command,/home/citadel/Documents/citavault/NETC-121/rocket-questions-html/courses/NETC-121/notes-content/MASTER LIST/Weekly AI Master Lists/Week 13 - AI Master List.md
medium,What does show ip route eigrp verify?,EIGRP routes in the routing table,Only switch port modes,Only DNS cache entries,Only console settings,A,The command filters the routing table to EIGRP-learned routes.,eigrp,route verification,/home/citadel/Documents/citavault/NETC-121/rocket-questions-html/courses/NETC-121/notes-content/MASTER LIST/Weekly AI Master Lists/Week 13 - AI Master List.md
medium,Why does OSPF maintain a link-state database?,To calculate paths from topology information,To store usernames,To learn MAC addresses only,To assign VLAN tags,A,OSPF uses the link-state database to calculate best paths.,ospf,link state database purpose,/home/citadel/Documents/citavault/NETC-121/rocket-questions-html/courses/NETC-121/notes-content/MASTER LIST/Weekly AI Master Lists/Week 13 - AI Master List.md
medium,Why does OSPF use areas?,To improve scalability in larger networks,To disable all LSAs,To force static routing,To remove Area 0,A,OSPF areas reduce the topology detail every router must maintain.,ospf,area purpose,/home/citadel/Documents/citavault/NETC-121/rocket-questions-html/courses/NETC-121/notes-content/MASTER LIST/Weekly AI Master Lists/Week 13 - AI Master List.md
medium,Why is Area 0 important in OSPF?,It is the backbone area,It disables routing,It is the only VLAN,It stores MAC addresses,A,Area 0 is the OSPF backbone that other areas should connect to.,ospf,area 0 importance,/home/citadel/Documents/citavault/NETC-121/rocket-questions-html/courses/NETC-121/notes-content/MASTER LIST/Weekly AI Master Lists/Week 13 - AI Master List.md
medium,What makes a router an ABR in OSPF?,It has interfaces in multiple OSPF areas,It has only one switch port,It uses only static routes,It has no routing table,A,An ABR connects multiple OSPF areas.,ospf,abr role,/home/citadel/Documents/citavault/NETC-121/rocket-questions-html/courses/NETC-121/notes-content/MASTER LIST/Weekly AI Master Lists/Week 13 - AI Master List.md
medium,Why does OSPF prefer lower cost?,Lower cost represents the better OSPF path,Lower cost means higher VLAN ID,Lower cost disables LSAs,Lower cost means more hops,A,OSPF selects the lowest-cost route among available paths.,ospf,cost selection,/home/citadel/Documents/citavault/NETC-121/rocket-questions-html/courses/NETC-121/notes-content/MASTER LIST/Weekly AI Master Lists/Week 13 - AI Master List.md
medium,What does an OSPF network statement do?,Matches interfaces and assigns an area,Creates a switch MAC table,Deletes static routes,Changes hostnames,A,An OSPF network statement enables OSPF on matching interfaces and assigns them to an area.,ospf,network command purpose,/home/citadel/Documents/citavault/NETC-121/rocket-questions-html/courses/NETC-121/notes-content/MASTER LIST/Weekly AI Master Lists/Week 13 - AI Master List.md
medium,Why does the OSPF process ID not need to match neighbors?,It is locally significant,It is a VLAN tag,It is a MAC address,It is the default gateway,A,The OSPF process ID identifies a local process on that router.,ospf,process id scope,/home/citadel/Documents/citavault/NETC-121/rocket-questions-html/courses/NETC-121/notes-content/MASTER LIST/Weekly AI Master Lists/Week 13 - AI Master List.md
medium,What does wildcard mask 0.0.0.255 mean in a network statement?,Match the first three octets,Match no octets,Match only the last octet,Ignore every octet,A,Wildcard 0.0.0.255 means the first three octets must match.,wildcard mask,slash 24 meaning,/home/citadel/Documents/citavault/NETC-121/rocket-questions-html/courses/NETC-121/notes-content/MASTER LIST/Weekly AI Master Lists/Week 13 - AI Master List.md
medium,What does a 0 in a wildcard mask mean?,The bit must match,The bit is ignored,The interface shuts down,The route is external,A,A 0 in a wildcard mask means the corresponding bit must match.,wildcard mask,zero meaning,/home/citadel/Documents/citavault/NETC-121/rocket-questions-html/courses/NETC-121/notes-content/MASTER LIST/Weekly AI Master Lists/Week 13 - AI Master List.md
medium,What does a 255 octet in a wildcard mask mean?,Do not care about that octet,Match exactly 255,Use only Area 255,Disable the interface,A,A 255 wildcard octet means that octet is ignored for matching.,wildcard mask,255 meaning,/home/citadel/Documents/citavault/NETC-121/rocket-questions-html/courses/NETC-121/notes-content/MASTER LIST/Weekly AI Master Lists/Week 13 - AI Master List.md
medium,Which wildcard mask matches subnet mask 255.255.255.0?,0.0.0.255,0.0.255.255,0.255.255.255,255.255.255.0,A,The inverse of 255.255.255.0 is 0.0.0.255.,wildcard mask,slash 24 wildcard,/home/citadel/Documents/citavault/NETC-121/rocket-questions-html/courses/NETC-121/notes-content/MASTER LIST/Weekly AI Master Lists/Week 13 - AI Master List.md
medium,Which wildcard mask matches subnet mask 255.255.255.252?,0.0.0.3,0.0.0.255,0.0.255.255,255.255.255.252,A,The inverse of 255.255.255.252 is 0.0.0.3.,wildcard mask,slash 30 wildcard,/home/citadel/Documents/citavault/NETC-121/rocket-questions-html/courses/NETC-121/notes-content/MASTER LIST/Weekly AI Master Lists/Week 13 - AI Master List.md
medium,What does show ip ospf neighbor verify?,OSPF neighbor relationships,EIGRP topology entries,VLAN access ports,MAC address aging,A,The command verifies OSPF neighbor relationships.,ospf,neighbor verification,/home/citadel/Documents/citavault/NETC-121/rocket-questions-html/courses/NETC-121/notes-content/MASTER LIST/Weekly AI Master Lists/Week 13 - AI Master List.md
medium,What does show ip route ospf verify?,OSPF routes in the routing table,Only VLAN membership,Only interface descriptions,Only local DNS records,A,The command filters the routing table to OSPF-learned routes.,ospf,route verification,/home/citadel/Documents/citavault/NETC-121/rocket-questions-html/courses/NETC-121/notes-content/MASTER LIST/Weekly AI Master Lists/Week 13 - AI Master List.md
medium,What does show ip protocols help verify?,Routing protocol configuration,Switch fan speed,User password history,Cable category,A,show ip protocols displays routing protocol settings and participating networks.,routing verification,show ip protocols,/home/citadel/Documents/citavault/NETC-121/rocket-questions-html/courses/NETC-121/notes-content/MASTER LIST/Weekly AI Master Lists/Week 13 - AI Master List.md
medium,Why does show ip interface brief matter during routing troubleshooting?,It confirms interface status and IP addressing,It displays DNS zone transfers,It lists only MAC addresses,It changes routing metrics,A,The command quickly shows whether interfaces are up and addressed.,troubleshooting,interface brief,/home/citadel/Documents/citavault/NETC-121/rocket-questions-html/courses/NETC-121/notes-content/MASTER LIST/Weekly AI Master Lists/Week 13 - AI Master List.md
medium,Why does show vlan brief matter when an SVI is down?,It confirms that the VLAN exists,It assigns OSPF costs,It lists route redistribution tags,It changes administrative distance,A,An SVI depends on the VLAN existing and having active Layer 2 support.,troubleshooting,vlan verification,/home/citadel/Documents/citavault/NETC-121/rocket-questions-html/courses/NETC-121/notes-content/MASTER LIST/Weekly AI Master Lists/Week 13 - AI Master List.md
medium,Why do ping and traceroute help after routing configuration?,They test reachability and path behavior,They create VLANs,They change wildcard masks,They enable EIGRP,A,Ping tests reachability and traceroute shows path behavior.,troubleshooting,ping traceroute,/home/citadel/Documents/citavault/NETC-121/rocket-questions-html/courses/NETC-121/notes-content/MASTER LIST/Weekly AI Master Lists/Week 13 - AI Master List.md
medium,Why can OSPF be better than RIP in larger networks?,It uses topology information and areas,It only counts hops,It cannot form neighbors,It disables route metrics,A,OSPF uses link-state information and areas for scalability.,ospf,rip comparison,/home/citadel/Documents/citavault/NETC-121/rocket-questions-html/courses/NETC-121/notes-content/MASTER LIST/Weekly AI Master Lists/Week 13 - AI Master List.md
medium,Why does EIGRP support VLSM and CIDR matter?,It handles classless subnet designs,It removes subnet masks,It disables routing tables,It uses only Class A networks,A,EIGRP supports modern classless routing and variable subnet masks.,eigrp,classless support,/home/citadel/Documents/citavault/NETC-121/rocket-questions-html/courses/NETC-121/notes-content/MASTER LIST/Weekly AI Master Lists/Week 13 - AI Master List.md
medium,Why is OSPF described as classless?,It carries subnet-mask information,It ignores all masks,It uses only classful summaries,It cannot route subnets,A,OSPF understands subnet masks and modern subnetting.,ospf,classless behavior,/home/citadel/Documents/citavault/NETC-121/rocket-questions-html/courses/NETC-121/notes-content/MASTER LIST/Weekly AI Master Lists/Week 13 - AI Master List.md
medium,Why is blind classful auto-summary undesirable in OSPF-style designs?,Modern VLSM networks need precise route information,All routes should become Class A,OSPF does not support areas,Wildcards cannot match subnets,A,Modern subnetting needs deliberate summaries rather than blind classful summaries.,ospf,summarization caution,/home/citadel/Documents/citavault/NETC-121/rocket-questions-html/courses/NETC-121/notes-content/MASTER LIST/Weekly AI Master Lists/Week 13 - AI Master List.md
medium,Why can administrative distance change the installed route?,The router prefers the most trusted source,The router prefers the longest hostname,The switch prefers the lowest VLAN number,The host prefers the largest MAC address,A,Administrative distance decides source preference when multiple sources know a destination.,administrative distance,route selection,/home/citadel/Documents/citavault/NETC-121/rocket-questions-html/courses/NETC-121/notes-content/MASTER LIST/Weekly AI Master Lists/Week 13 - AI Master List.md
medium,Which route is preferred by default if the same network is learned from internal EIGRP and OSPF?,Internal EIGRP,OSPF,Both are rejected,Both are static,A,Internal EIGRP has AD 90 and OSPF has AD 110 so EIGRP is preferred.,administrative distance,eigrp vs ospf,/home/citadel/Documents/citavault/NETC-121/rocket-questions-html/courses/NETC-121/notes-content/MASTER LIST/Weekly AI Master Lists/Week 13 - AI Master List.md
medium,Why can an external EIGRP route be less preferred than an OSPF route by default?,External EIGRP AD 170 is higher than OSPF AD 110,External EIGRP has no IP address,OSPF always disables EIGRP,OSPF has no administrative distance,A,External EIGRP commonly has AD 170 while OSPF commonly has AD 110.,administrative distance,external eigrp vs ospf,/home/citadel/Documents/citavault/NETC-121/rocket-questions-html/courses/NETC-121/notes-content/MASTER LIST/Weekly AI Master Lists/Week 13 - AI Master List.md
medium,Why should troubleshooting start with interface status before protocol tuning?,Down interfaces prevent neighbor and route formation,Routing protocols ignore interfaces,Interfaces only affect DNS,Protocols create cable links,A,Physical and logical interface problems can stop routing before protocol settings matter.,troubleshooting,interface first,/home/citadel/Documents/citavault/NETC-121/rocket-questions-html/courses/NETC-121/notes-content/MASTER LIST/Weekly AI Master Lists/Week 13 - AI Master List.md
hard,Which technology lets a Layer 3 switch provide a first-hop gateway with redundancy across two devices?,HSRP,CSMA/CD,DHCP snooping,PortFast,A,HSRP is a first-hop redundancy protocol used to provide gateway redundancy.,first hop redundancy,hsrp purpose,/home/citadel/Documents/citavault/NETC-121/rocket-questions-html/courses/NETC-121/notes-content/MASTER LIST/Weekly AI Master Lists/Week 13 - AI Master List.md
hard,What is the main purpose of VRRP?,Provide redundant default gateways,Encrypt OSPF LSAs,Assign VLAN IDs,Rewrite MAC address tables,A,VRRP provides first-hop gateway redundancy across routers or Layer 3 switches.,first hop redundancy,vrrp purpose,/home/citadel/Documents/citavault/NETC-121/rocket-questions-html/courses/NETC-121/notes-content/MASTER LIST/Weekly AI Master Lists/Week 13 - AI Master List.md
hard,Which first-hop redundancy protocol is Cisco proprietary?,HSRP,VRRP,GLBP open mode,OSPF,A,HSRP is Cisco proprietary while VRRP is standards-based.,first hop redundancy,cisco proprietary,/home/citadel/Documents/citavault/NETC-121/rocket-questions-html/courses/NETC-121/notes-content/MASTER LIST/Weekly AI Master Lists/Week 13 - AI Master List.md
hard,Which first-hop redundancy protocol can load balance gateways in Cisco environments?,GLBP,STP,RIP,LLDP,A,GLBP can provide gateway redundancy and load sharing.,first hop redundancy,glbp load balancing,/home/citadel/Documents/citavault/NETC-121/rocket-questions-html/courses/NETC-121/notes-content/MASTER LIST/Weekly AI Master Lists/Week 13 - AI Master List.md
hard,What does an OSPF designated router reduce on a broadcast network?,Neighbor adjacency overhead,Subnet mask length,VLAN count,Static route distance,A,A DR reduces the number of full OSPF adjacencies on multiaccess networks.,ospf,designated router purpose,/home/citadel/Documents/citavault/NETC-121/rocket-questions-html/courses/NETC-121/notes-content/MASTER LIST/Weekly AI Master Lists/Week 13 - AI Master List.md
hard,Which OSPF router assists the designated router on a broadcast segment?,Backup designated router,Area border client,Passive route source,Default gateway only,A,A BDR is elected to take over if the DR fails.,ospf,bdr role,/home/citadel/Documents/citavault/NETC-121/rocket-questions-html/courses/NETC-121/notes-content/MASTER LIST/Weekly AI Master Lists/Week 13 - AI Master List.md
hard,Which OSPF value influences DR and BDR election?,Interface priority,Administrative distance,MAC table aging,Native VLAN,A,OSPF interface priority influences DR and BDR election.,ospf,dr election priority,/home/citadel/Documents/citavault/NETC-121/rocket-questions-html/courses/NETC-121/notes-content/MASTER LIST/Weekly AI Master Lists/Week 13 - AI Master List.md
hard,What happens when an OSPF interface priority is set to 0?,It cannot become DR or BDR,It must become DR,It disables IP routing,It becomes Area 0,A,OSPF priority 0 prevents the interface from becoming DR or BDR.,ospf,priority zero,/home/citadel/Documents/citavault/NETC-121/rocket-questions-html/courses/NETC-121/notes-content/MASTER LIST/Weekly AI Master Lists/Week 13 - AI Master List.md
hard,Which OSPF network type commonly elects a DR and BDR?,Broadcast multiaccess,Point-to-point serial only,Loopback only,Passive only,A,OSPF broadcast multiaccess networks commonly elect a DR and BDR.,ospf,broadcast network type,/home/citadel/Documents/citavault/NETC-121/rocket-questions-html/courses/NETC-121/notes-content/MASTER LIST/Weekly AI Master Lists/Week 13 - AI Master List.md
hard,Which OSPF network type does not require DR election by default?,Point-to-point,Broadcast Ethernet,NBMA Ethernet,Multiaccess VLAN,A,Point-to-point OSPF links do not require DR or BDR election.,ospf,point to point network,/home/citadel/Documents/citavault/NETC-121/rocket-questions-html/courses/NETC-121/notes-content/MASTER LIST/Weekly AI Master Lists/Week 13 - AI Master List.md
hard,Which OSPF neighbor state means routers have fully synchronized LSDBs?,Full,Init,Two-Way,Down,A,Full state means OSPF neighbors have completed database synchronization.,ospf,neighbor full state,/home/citadel/Documents/citavault/NETC-121/rocket-questions-html/courses/NETC-121/notes-content/MASTER LIST/Weekly AI Master Lists/Week 13 - AI Master List.md
hard,Which OSPF neighbor state means a router has seen its own router ID in a neighbor hello?,Two-Way,Down,Loading,ExStart,A,Two-Way indicates bidirectional hello communication has been confirmed.,ospf,two way state,/home/citadel/Documents/citavault/NETC-121/rocket-questions-html/courses/NETC-121/notes-content/MASTER LIST/Weekly AI Master Lists/Week 13 - AI Master List.md
hard,Which mismatch commonly prevents OSPF neighbors from forming?,Area ID mismatch,Hostname mismatch,Console speed mismatch,Banner mismatch,A,OSPF neighbors generally need compatible area settings on the link.,ospf,area mismatch,/home/citadel/Documents/citavault/NETC-121/rocket-questions-html/courses/NETC-121/notes-content/MASTER LIST/Weekly AI Master Lists/Week 13 - AI Master List.md
hard,Which OSPF mismatch commonly causes adjacency failure because timers must align?,Hello and dead timer mismatch,MAC aging timer mismatch,DNS timeout mismatch,SSH idle timer mismatch,A,OSPF hello and dead timers must match on many network types.,ospf,timer mismatch,/home/citadel/Documents/citavault/NETC-121/rocket-questions-html/courses/NETC-121/notes-content/MASTER LIST/Weekly AI Master Lists/Week 13 - AI Master List.md
hard,Which OSPF feature allows authentication of routing updates?,OSPF authentication,Port security,DHCP relay,NAT overload,A,OSPF authentication helps verify routing-protocol messages.,ospf,authentication,/home/citadel/Documents/citavault/NETC-121/rocket-questions-html/courses/NETC-121/notes-content/MASTER LIST/Weekly AI Master Lists/Week 13 - AI Master List.md
hard,What is the OSPF router ID used for?,Uniquely identifying the OSPF router,Naming VLANs,Selecting DNS servers,Setting host default gateways,A,The router ID uniquely identifies an OSPF router in the routing domain.,ospf,router id purpose,/home/citadel/Documents/citavault/NETC-121/rocket-questions-html/courses/NETC-121/notes-content/MASTER LIST/Weekly AI Master Lists/Week 13 - AI Master List.md
hard,Which source is usually preferred for choosing an OSPF router ID if manually configured?,Manual router-id command,Lowest active IP,Lowest MAC address,Native VLAN ID,A,A manually configured router ID takes precedence.,ospf,router id selection,/home/citadel/Documents/citavault/NETC-121/rocket-questions-html/courses/NETC-121/notes-content/MASTER LIST/Weekly AI Master Lists/Week 13 - AI Master List.md
hard,Which OSPF LSA type commonly describes router links within an area?,Type 1 router LSA,Type 5 external LSA,Type 7 NSSA LSA,Type 3 summary LSA,A,Type 1 router LSAs describe router links inside an area.,ospf,type 1 lsa,/home/citadel/Documents/citavault/NETC-121/rocket-questions-html/courses/NETC-121/notes-content/MASTER LIST/Weekly AI Master Lists/Week 13 - AI Master List.md
hard,Which OSPF LSA type commonly advertises networks from one area into another?,Type 3 summary LSA,Type 1 router LSA,Type 2 network LSA,ARP LSA,A,Type 3 summary LSAs advertise inter-area routes.,ospf,type 3 lsa,/home/citadel/Documents/citavault/NETC-121/rocket-questions-html/courses/NETC-121/notes-content/MASTER LIST/Weekly AI Master Lists/Week 13 - AI Master List.md
hard,Which OSPF LSA type commonly carries external routes redistributed into OSPF?,Type 5 external LSA,Type 1 router LSA,Type 2 network LSA,Type 3 summary LSA,A,Type 5 external LSAs carry routes redistributed into normal OSPF areas.,ospf,type 5 lsa,/home/citadel/Documents/citavault/NETC-121/rocket-questions-html/courses/NETC-121/notes-content/MASTER LIST/Weekly AI Master Lists/Week 13 - AI Master List.md
hard,What is an OSPF stub area designed to reduce?,External route information inside the area,The need for IP addresses,All neighbor relationships,All default routes,A,A stub area limits external route information to reduce LSDB size.,ospf,stub area,/home/citadel/Documents/citavault/NETC-121/rocket-questions-html/courses/NETC-121/notes-content/MASTER LIST/Weekly AI Master Lists/Week 13 - AI Master List.md
hard,What is an OSPF totally stubby area designed to reduce further?,Inter-area and external route detail,Layer 2 switching,Default gateway redundancy,Interface addressing,A,A totally stubby area reduces both inter-area and external route detail.,ospf,totally stubby area,/home/citadel/Documents/citavault/NETC-121/rocket-questions-html/courses/NETC-121/notes-content/MASTER LIST/Weekly AI Master Lists/Week 13 - AI Master List.md
hard,What is an NSSA in OSPF used for?,Allowing limited external redistribution in a stub-like area,Disabling all LSAs,Replacing Area 0,Converting OSPF to EIGRP,A,An NSSA allows certain external routes while retaining stub-area benefits.,ospf,nssa purpose,/home/citadel/Documents/citavault/NETC-121/rocket-questions-html/courses/NETC-121/notes-content/MASTER LIST/Weekly AI Master Lists/Week 13 - AI Master List.md
hard,Which OSPF external route type preserves external metric separately from internal cost?,E2,E1,O IA,O,A,E2 routes use the external metric without adding internal cost by default.,ospf,e2 external type,/home/citadel/Documents/citavault/NETC-121/rocket-questions-html/courses/NETC-121/notes-content/MASTER LIST/Weekly AI Master Lists/Week 13 - AI Master List.md
hard,Which OSPF external route type adds internal cost to reach the ASBR?,E1,E2,O IA,O,A,E1 routes include the external metric plus internal cost to the ASBR.,ospf,e1 external type,/home/citadel/Documents/citavault/NETC-121/rocket-questions-html/courses/NETC-121/notes-content/MASTER LIST/Weekly AI Master Lists/Week 13 - AI Master List.md
hard,What does ASBR stand for in OSPF?,Autonomous System Boundary Router,Area Switch Backbone Router,Automatic Static Backup Route,Access Segment Border Relay,A,An ASBR redistributes routes between OSPF and external routing sources.,ospf,asbr full name,/home/citadel/Documents/citavault/NETC-121/rocket-questions-html/courses/NETC-121/notes-content/MASTER LIST/Weekly AI Master Lists/Week 13 - AI Master List.md
hard,What does an ASBR commonly do?,Redistribute external routes into OSPF,Elect the DR only,Assign host IP addresses,Create VLAN access ports,A,An ASBR introduces external routing information into OSPF.,ospf,asbr role,/home/citadel/Documents/citavault/NETC-121/rocket-questions-html/courses/NETC-121/notes-content/MASTER LIST/Weekly AI Master Lists/Week 13 - AI Master List.md
hard,Which command can show detailed OSPF interface timers and network type on Cisco IOS?,show ip ospf interface,show vlan brief,show mac address-table,show controllers,A,show ip ospf interface displays OSPF interface details including timers and network type.,ospf,interface detail command,/home/citadel/Documents/citavault/NETC-121/rocket-questions-html/courses/NETC-121/notes-content/MASTER LIST/Weekly AI Master Lists/Week 13 - AI Master List.md
hard,Which command can show OSPF database contents on Cisco IOS?,show ip ospf database,show ip arp,show interfaces status,show cdp neighbors,A,show ip ospf database displays OSPF LSDB information.,ospf,database command,/home/citadel/Documents/citavault/NETC-121/rocket-questions-html/courses/NETC-121/notes-content/MASTER LIST/Weekly AI Master Lists/Week 13 - AI Master List.md
hard,What does the OSPF passive-interface feature do?,Suppresses OSPF neighbor formation on an interface,Deletes the interface IP address,Disables route installation,Forces DR election,A,Passive interfaces advertise connected networks but do not form OSPF neighbors on that interface.,ospf,passive interface,/home/citadel/Documents/citavault/NETC-121/rocket-questions-html/courses/NETC-121/notes-content/MASTER LIST/Weekly AI Master Lists/Week 13 - AI Master List.md
hard,What is EIGRP DUAL responsible for?,Loop-free route calculation,OSPF area assignment,VLAN trunk negotiation,MAC address learning,A,DUAL calculates loop-free EIGRP routes and backup paths.,eigrp,dual purpose,/home/citadel/Documents/citavault/NETC-121/rocket-questions-html/courses/NETC-121/notes-content/MASTER LIST/Weekly AI Master Lists/Week 13 - AI Master List.md
hard,What does DUAL stand for in EIGRP?,Diffusing Update Algorithm,Dynamic User Access List,Distributed Uplink Address Logic,Default Update Area Link,A,DUAL stands for Diffusing Update Algorithm.,eigrp,dual full name,/home/citadel/Documents/citavault/NETC-121/rocket-questions-html/courses/NETC-121/notes-content/MASTER LIST/Weekly AI Master Lists/Week 13 - AI Master List.md
hard,What is an EIGRP successor?,The best route to a destination,The backup route only,The OSPF backbone router,The VLAN gateway MAC,A,An EIGRP successor is the currently best route installed for a destination.,eigrp,successor,/home/citadel/Documents/citavault/NETC-121/rocket-questions-html/courses/NETC-121/notes-content/MASTER LIST/Weekly AI Master Lists/Week 13 - AI Master List.md
hard,What is an EIGRP feasible successor?,A loop-free backup route,A route that failed authentication,A static route only,A Layer 2 trunk,A,A feasible successor is a precomputed loop-free backup route.,eigrp,feasible successor,/home/citadel/Documents/citavault/NETC-121/rocket-questions-html/courses/NETC-121/notes-content/MASTER LIST/Weekly AI Master Lists/Week 13 - AI Master List.md
hard,What is EIGRP feasible distance?,The local best metric to a destination,The OSPF area number,The VLAN trunk cost,The MAC aging timer,A,Feasible distance is the local router's best known metric to a destination.,eigrp,feasible distance,/home/citadel/Documents/citavault/NETC-121/rocket-questions-html/courses/NETC-121/notes-content/MASTER LIST/Weekly AI Master Lists/Week 13 - AI Master List.md
hard,What is EIGRP reported distance?,A neighbor's advertised metric to a destination,The router's MAC address,The OSPF dead timer,The VLAN ID,A,Reported distance is the metric a neighbor advertises for reaching a destination.,eigrp,reported distance,/home/citadel/Documents/citavault/NETC-121/rocket-questions-html/courses/NETC-121/notes-content/MASTER LIST/Weekly AI Master Lists/Week 13 - AI Master List.md
hard,What must be true for an EIGRP route to qualify as a feasible successor?,Reported distance is less than feasible distance,Administrative distance is zero,The route uses Area 0,The route is a default gateway,A,The feasibility condition helps guarantee a loop-free backup route.,eigrp,feasibility condition,/home/citadel/Documents/citavault/NETC-121/rocket-questions-html/courses/NETC-121/notes-content/MASTER LIST/Weekly AI Master Lists/Week 13 - AI Master List.md
hard,Which Cisco command shows EIGRP topology information?,show ip eigrp topology,show ip ospf database,show vlan brief,show spanning-tree root,A,show ip eigrp topology displays EIGRP topology entries and successors.,eigrp,topology command,/home/citadel/Documents/citavault/NETC-121/rocket-questions-html/courses/NETC-121/notes-content/MASTER LIST/Weekly AI Master Lists/Week 13 - AI Master List.md
hard,What does EIGRP variance enable?,Unequal-cost load balancing,OSPF area summarization,VLAN pruning,MAC filtering,A,EIGRP variance allows unequal-cost load balancing over feasible paths.,eigrp,variance,/home/citadel/Documents/citavault/NETC-121/rocket-questions-html/courses/NETC-121/notes-content/MASTER LIST/Weekly AI Master Lists/Week 13 - AI Master List.md
hard,Which EIGRP feature limits bandwidth used by routing updates on an interface?,ip bandwidth-percent eigrp,ip helper-address,area range,passive vlan,A,The ip bandwidth-percent eigrp command can limit EIGRP bandwidth usage.,eigrp,bandwidth percent,/home/citadel/Documents/citavault/NETC-121/rocket-questions-html/courses/NETC-121/notes-content/MASTER LIST/Weekly AI Master Lists/Week 13 - AI Master List.md
hard,What does route tagging help prevent during redistribution?,Routes being redistributed back incorrectly,VLAN trunks forming,MAC addresses aging out,Interfaces coming up,A,Route tags can identify redistributed routes and help prevent feedback loops.,redistribution,route tagging,/home/citadel/Documents/citavault/NETC-121/rocket-questions-html/courses/NETC-121/notes-content/MASTER LIST/Weekly AI Master Lists/Week 13 - AI Master List.md
hard,What does a route map commonly control during redistribution?,Which routes are redistributed and with what attributes,Which cables are connected,Which DNS records exist,Which ports are powered,A,Route maps can filter and modify routes during redistribution.,redistribution,route map purpose,/home/citadel/Documents/citavault/NETC-121/rocket-questions-html/courses/NETC-121/notes-content/MASTER LIST/Weekly AI Master Lists/Week 13 - AI Master List.md
hard,What does a prefix list commonly match?,IP route prefixes,MAC table entries,Console passwords,Power levels,A,Prefix lists match route prefixes for filtering and policy.,redistribution,prefix list purpose,/home/citadel/Documents/citavault/NETC-121/rocket-questions-html/courses/NETC-121/notes-content/MASTER LIST/Weekly AI Master Lists/Week 13 - AI Master List.md
hard,Why is administrative distance sometimes changed during redistribution?,To influence route-source preference,To change cable speed,To rename VLANs,To disable ARP,A,Changing AD can influence which route source is selected.,redistribution,administrative distance tuning,/home/citadel/Documents/citavault/NETC-121/rocket-questions-html/courses/NETC-121/notes-content/MASTER LIST/Weekly AI Master Lists/Week 13 - AI Master List.md
hard,What is a distribution list used for in routing protocols?,Filtering route advertisements,Creating switch ports,Setting hostnames,Encrypting payloads,A,Distribute lists filter routing updates in supported protocols.,redistribution,distribute list,/home/citadel/Documents/citavault/NETC-121/rocket-questions-html/courses/NETC-121/notes-content/MASTER LIST/Weekly AI Master Lists/Week 13 - AI Master List.md
hard,What does DHCP relay commonly solve on a Layer 3 switch?,Forwarding client DHCP requests across subnets,Electing OSPF DRs,Learning EIGRP successors,Creating MAC table entries,A,DHCP relay forwards DHCP requests to a server on another subnet.,layer 3 switch,dhcp relay,/home/citadel/Documents/citavault/NETC-121/rocket-questions-html/courses/NETC-121/notes-content/MASTER LIST/Weekly AI Master Lists/Week 13 - AI Master List.md
hard,Which Cisco command is commonly used for DHCP relay on an SVI?,ip helper-address,ip routing,no switchport,router ospf,A,The ip helper-address command forwards certain UDP broadcasts such as DHCP to a server.,layer 3 switch,ip helper address,/home/citadel/Documents/citavault/NETC-121/rocket-questions-html/courses/NETC-121/notes-content/MASTER LIST/Weekly AI Master Lists/Week 13 - AI Master List.md
hard,What is a routed access design?,Access switches perform Layer 3 routing toward distribution,All access switches are hubs,All VLANs span every switch,Only Layer 2 trunks are used,A,A routed access design pushes Layer 3 routing closer to access switches.,campus design,routed access,/home/citadel/Documents/citavault/NETC-121/rocket-questions-html/courses/NETC-121/notes-content/MASTER LIST/Weekly AI Master Lists/Week 13 - AI Master List.md
hard,What is one benefit of routed access designs?,Smaller Layer 2 failure domains,More broadcast flooding,No need for IP addresses,No routing protocols,A,Routed access can reduce Layer 2 span and failure-domain size.,campus design,routed access benefit,/home/citadel/Documents/citavault/NETC-121/rocket-questions-html/courses/NETC-121/notes-content/MASTER LIST/Weekly AI Master Lists/Week 13 - AI Master List.md
hard,What is EtherChannel used for between switches?,Bundling multiple physical links into one logical link,Assigning router IDs,Creating OSPF LSAs,Filtering redistributed routes,A,EtherChannel combines physical links into a single logical connection.,switching,etherchannel purpose,/home/citadel/Documents/citavault/NETC-121/rocket-questions-html/courses/NETC-121/notes-content/MASTER LIST/Weekly AI Master Lists/Week 13 - AI Master List.md
